panel,x,kstar,reference
a,0.005000,0.05897270,0.06138433
a,0.006250,0.06598030,0.06862976
a,0.007500,0.07232045,0.07518014
a,0.008750,0.07815361,0.08120383
a,0.010000,0.08358429,0.08681055
a,0.011250,0.08868508,0.09207649
a,0.012500,0.09350882,0.09705714
a,0.013750,0.09809540,0.10179439
a,0.015000,0.10247581,0.10632077
a,0.016250,0.10667470,0.11066217
a,0.017500,0.11071205,0.11483956
a,0.018750,0.11460434,0.11887024
a,0.020000,0.11836536,0.12276865
a,0.021250,0.12200675,0.12654703
a,0.022500,0.12553850,0.13021582
a,0.023750,0.12896920,0.13378404
a,0.025000,0.13230637,0.13725953
a,0.026250,0.13555657,0.14064916
a,0.027500,0.13872560,0.14395901
a,0.028750,0.14181864,0.14719444
a,0.030000,0.14484029,0.15036028
a,0.031250,0.14779468,0.15346082
a,0.032500,0.15068555,0.15649994
a,0.033750,0.15351628,0.15948116
a,0.035000,0.15628995,0.16240766
a,0.036250,0.15900936,0.16528236
a,0.037500,0.16167708,0.16810790
a,0.038750,0.16429548,0.17088673
a,0.040000,0.16686673,0.17362109
a,0.041250,0.16939284,0.17631305
a,0.042500,0.17187567,0.17896453
a,0.043750,0.17431695,0.18157729
a,0.045000,0.17671828,0.18415298
a,0.046250,0.17908118,0.18669314
a,0.047500,0.18140704,0.18919920
a,0.048750,0.18369717,0.19167250
a,0.050000,0.18595279,0.19411428
a,0.051250,0.18817508,0.19652573
a,0.052500,0.19036511,0.19890795
a,0.053750,0.19252391,0.20126197
a,0.055000,0.19465244,0.20358878
a,0.056250,0.19675163,0.20588929
a,0.057500,0.19882232,0.20816438
a,0.058750,0.20086535,0.21041487
a,0.060000,0.20288148,0.21264154
a,0.061250,0.20487146,0.21484514
a,0.062500,0.20683599,0.21702637
a,0.063750,0.20877573,0.21918589
a,0.065000,0.21069132,0.22132434
a,0.066250,0.21258336,0.22344232
a,0.067500,0.21445244,0.22554042
a,0.068750,0.21629910,0.22761917
a,0.070000,0.21812387,0.22967912
a,0.071250,0.21992726,0.23172075
a,0.072500,0.22170975,0.23374455
a,0.073750,0.22347180,0.23575098
a,0.075000,0.22521387,0.23774047
a,0.076250,0.22693636,0.23971346
a,0.077500,0.22863970,0.24167033
a,0.078750,0.23032428,0.24361149
a,0.080000,0.23199047,0.24553731
b,0.336192,0.03755390,0.05055740
b,0.351568,0.04086463,0.05299482
b,0.366367,0.04392472,0.05535575
b,0.380657,0.04680164,0.05764973
b,0.394493,0.04953578,0.05988460
b,0.407922,0.05215408,0.06206686
b,0.420981,0.05467581,0.06420200
b,0.433705,0.05711538,0.06629471
b,0.446122,0.05948398,0.06834899
b,0.458258,0.06179053,0.07036832
b,0.470133,0.06404226,0.07235575
b,0.481768,0.06624516,0.07431394
b,0.493178,0.06840426,0.07624524
b,0.504381,0.07052385,0.07815176
b,0.515388,0.07260757,0.08003537
b,0.526213,0.07465861,0.08189774
b,0.536866,0.07667975,0.08374039
b,0.547357,0.07867342,0.08556468
b,0.557696,0.08064178,0.08737187
b,0.567891,0.08258675,0.08916307
b,0.577949,0.08451005,0.09093932
b,0.587878,0.08641322,0.09270157
b,0.597683,0.08829766,0.09445068
b,0.607371,0.09016463,0.09618746
b,0.616948,0.09201527,0.09791265
b,0.626418,0.09385065,0.09962692
b,0.635787,0.09567170,0.10133092
b,0.645058,0.09747932,0.10302522
b,0.654236,0.09927431,0.10471038
b,0.663325,0.10105742,0.10638691
b,0.672328,0.10282935,0.10805527
b,0.681249,0.10459072,0.10971593
b,0.690091,0.10634213,0.11136929
b,0.698856,0.10808414,0.11301575
b,0.707549,0.10981727,0.11465567
b,0.716170,0.11154198,0.11628940
b,0.724724,0.11325874,0.11791726
b,0.733212,0.11496796,0.11953957
b,0.741637,0.11667005,0.12115661
b,0.750000,0.11836536,0.12276865
b,0.758304,0.12005425,0.12437596
b,0.766551,0.12173705,0.12597878
b,0.774742,0.12341408,0.12757733
b,0.782879,0.12508561,0.12917185
b,0.790965,0.12675193,0.13076254
b,0.798999,0.12841331,0.13234960
b,0.806985,0.13006998,0.13393322
b,0.814923,0.13172219,0.13551358
b,0.822815,0.13337016,0.13709085
b,0.830662,0.13501409,0.13866519
b,0.838466,0.13665420,0.14023676
b,0.846227,0.13829066,0.14180571
b,0.853947,0.13992368,0.14337217
b,0.861626,0.14155341,0.14493630
b,0.869267,0.14318003,0.14649821
b,0.876869,0.14480369,0.14805803
b,0.884435,0.14642455,0.14961588
b,0.891964,0.14804275,0.15117188
b,0.899458,0.14965842,0.15272613
b,0.906918,0.15127171,0.15427873
b,0.914344,0.15288273,0.15582980
b,0.921737,0.15449161,0.15737941
b,0.929099,0.15609846,0.15892768
b,0.936429,0.15770340,0.16047469
b,0.943729,0.15930653,0.16202052
b,0.950999,0.16090795,0.16356525
b,0.958241,0.16250777,0.16510897
b,0.965453,0.16410608,0.16665175
b,0.972638,0.16570297,0.16819366
b,0.979796,0.16729852,0.16973478
b,0.986927,0.16889283,0.17127518
b,0.994032,0.17048597,0.17281492
b,1.001112,0.17207802,0.17435406
b,1.008167,0.17366906,0.17589266
b,1.015197,0.17525915,0.17743079
b,1.022204,0.17684838,0.17896850
b,1.029187,0.17843680,0.18050585
b,1.036147,0.18002449,0.18204289
b,1.043084,0.18161150,0.18357967
b,1.050000,0.18319790,0.18511624
b,1.056894,0.18478374,0.18665265
b,1.063767,0.18636909,0.18818895
b,1.070619,0.18795399,0.18972518
b,1.077451,0.18953850,0.19126138
b,1.084262,0.19112267,0.19279761
b,1.091055,0.19270656,0.19433389
b,1.097827,0.19429020,0.19587027
b,1.104581,0.19587365,0.19740678
b,1.111317,0.19745695,0.19894347
b,1.118034,0.19904014,0.20048037
b,1.124733,0.20062327,0.20201751
b,1.131415,0.20220638,0.20355494
b,1.138080,0.20378950,0.20509267
b,1.144727,0.20537268,0.20663075
b,1.151358,0.20695595,0.20816921
b,1.157972,0.20853936,0.20970806
b,1.164571,0.21012292,0.21124736
b,1.171153,0.21170669,0.21278711
b,1.177720,0.21329069,0.21432736
b,1.184272,0.21487495,0.21586812
b,1.190809,0.21645951,0.21740942
b,1.197330,0.21804439,0.21895129
b,1.203838,0.21962963,0.22049376
b,1.210331,0.22121525,0.22203684
b,1.216809,0.22280129,0.22358056
b,1.223274,0.22438776,0.22512494
b,1.229726,0.22597470,0.22667001
b,1.236163,0.22756213,0.22821578
b,1.242588,0.22915007,0.22976228
b,1.249000,0.23073856,0.23130952
b,1.255398,0.23232761,0.23285753
b,1.261784,0.23391724,0.23440633
b,1.268158,0.23550748,0.23595593
b,1.274520,0.23709836,0.23750635
b,1.280869,0.23868988,0.23905761
b,1.287206,0.24028208,0.24060972
b,1.293532,0.24187497,0.24216271
b,1.299846,0.24346857,0.24371659
b,1.306149,0.24506290,0.24527138
b,1.312440,0.24665798,0.24682708
b,1.318721,0.24825383,0.24838372
b,1.324991,0.24985047,0.24994131
b,1.331249,0.25144790,0.25149987
b,1.337498,0.25304616,0.25305941
b,1.343735,0.25464524,0.25461994
b,1.349963,0.25624518,0.25618147
b,1.356180,0.25784599,0.25774402
b,1.362388,0.25944768,0.25930761
b,1.368585,0.26105026,0.26087223
b,1.374773,0.26265376,0.26243792
b,1.380951,0.26425818,0.26400467
b,1.387119,0.26586354,0.26557250
b,1.393279,0.26746985,0.26714141
b,1.399428,0.26907712,0.26871143
b,1.405569,0.27068537,0.27028256
b,1.411701,0.27229461,0.27185481
b,1.417824,0.27390485,0.27342819
b,1.423938,0.27551611,0.27500272
b,1.430044,0.27712839,0.27657839
