kappa,beta_1,branch,omega_cusp,F_cusp,y_cusp,alpha,beta
0.040000,0.050000,0,1.044793,3.597232e-02,9.726533e-01,-5.471175e-02,3.158785e-02
0.040000,0.146667,0,1.044793,2.100331e-02,3.315863e-01,-5.471175e-02,3.158785e-02
0.040000,0.243333,0,1.044793,1.630619e-02,1.998603e-01,-5.471175e-02,3.158785e-02
0.040000,0.340000,0,1.044793,1.379475e-02,1.430372e-01,-5.471175e-02,3.158785e-02
0.040000,0.436667,0,1.044793,1.217246e-02,1.113725e-01,-5.471175e-02,3.158785e-02
0.040000,0.533333,0,1.044793,1.101423e-02,9.118624e-02,-5.471175e-02,3.158785e-02
0.040000,0.630000,0,1.044793,1.013405e-02,7.719470e-02,-5.471175e-02,3.158785e-02
0.040000,0.726667,0,1.044793,9.435953e-03,6.692568e-02,-5.471175e-02,3.158785e-02
0.040000,0.823333,0,1.044793,8.864731e-03,5.906801e-02,-5.471175e-02,3.158785e-02
0.040000,0.920000,0,1.044793,8.386089e-03,5.286159e-02,-5.471175e-02,3.158785e-02
0.040000,1.016667,0,1.044793,7.977450e-03,4.783541e-02,-5.471175e-02,3.158785e-02
0.040000,1.113333,0,1.044793,7.623261e-03,4.368203e-02,-5.471175e-02,3.158785e-02
0.040000,1.210000,0,1.044793,7.312413e-03,4.019228e-02,-5.471175e-02,3.158785e-02
0.040000,1.306667,0,1.044793,7.036732e-03,3.721888e-02,-5.471175e-02,3.158785e-02
0.040000,1.403333,0,1.044793,6.790050e-03,3.465510e-02,-5.471175e-02,3.158785e-02
0.040000,1.500000,0,1.044793,6.567616e-03,3.242178e-02,-5.471175e-02,3.158785e-02
0.050000,0.050000,0,1.048954,3.642026e-02,9.807112e-01,-5.516501e-02,3.184954e-02
0.050000,0.146667,0,1.048954,2.126485e-02,3.343334e-01,-5.516501e-02,3.184954e-02
0.050000,0.243333,0,1.048954,1.650925e-02,2.015160e-01,-5.516501e-02,3.184954e-02
0.050000,0.340000,0,1.048954,1.396653e-02,1.442222e-01,-5.516501e-02,3.184954e-02
0.050000,0.436667,0,1.048954,1.232404e-02,1.122952e-01,-5.516501e-02,3.184954e-02
0.050000,0.533333,0,1.048954,1.115138e-02,9.194168e-02,-5.516501e-02,3.184954e-02
0.050000,0.630000,0,1.048954,1.026025e-02,7.783422e-02,-5.516501e-02,3.184954e-02
0.050000,0.726667,0,1.048954,9.553454e-03,6.748013e-02,-5.516501e-02,3.184954e-02
0.050000,0.823333,0,1.048954,8.975118e-03,5.955736e-02,-5.516501e-02,3.184954e-02
0.050000,0.920000,0,1.048954,8.490517e-03,5.329952e-02,-5.516501e-02,3.184954e-02
0.050000,1.016667,0,1.048954,8.076789e-03,4.823170e-02,-5.516501e-02,3.184954e-02
0.050000,1.113333,0,1.048954,7.718189e-03,4.404392e-02,-5.516501e-02,3.184954e-02
0.050000,1.210000,0,1.048954,7.403470e-03,4.052526e-02,-5.516501e-02,3.184954e-02
0.050000,1.306667,0,1.048954,7.124356e-03,3.752721e-02,-5.516501e-02,3.184954e-02
0.050000,1.403333,0,1.048954,6.874603e-03,3.494220e-02,-5.516501e-02,3.184954e-02
0.050000,1.500000,0,1.048954,6.649399e-03,3.269037e-02,-5.516501e-02,3.184954e-02
0.060000,0.050000,0,1.052940,3.691163e-02,9.895123e-01,-5.566007e-02,3.213537e-02
0.060000,0.146667,0,1.052940,2.155175e-02,3.373338e-01,-5.566007e-02,3.213537e-02
0.060000,0.243333,0,1.052940,1.673198e-02,2.033245e-01,-5.566007e-02,3.213537e-02
0.060000,0.340000,0,1.052940,1.415496e-02,1.455165e-01,-5.566007e-02,3.213537e-02
0.060000,0.436667,0,1.052940,1.249031e-02,1.133029e-01,-5.566007e-02,3.213537e-02
0.060000,0.533333,0,1.052940,1.130183e-02,9.276678e-02,-5.566007e-02,3.213537e-02
0.060000,0.630000,0,1.052940,1.039867e-02,7.853272e-02,-5.566007e-02,3.213537e-02
0.060000,0.726667,0,1.052940,9.682345e-03,6.808571e-02,-5.566007e-02,3.213537e-02
0.060000,0.823333,0,1.052940,9.096207e-03,6.009184e-02,-5.566007e-02,3.213537e-02
0.060000,0.920000,0,1.052940,8.605067e-03,5.377784e-02,-5.566007e-02,3.213537e-02
0.060000,1.016667,0,1.052940,8.185758e-03,4.866454e-02,-5.566007e-02,3.213537e-02
0.060000,1.113333,0,1.052940,7.822320e-03,4.443918e-02,-5.566007e-02,3.213537e-02
0.060000,1.210000,0,1.052940,7.503355e-03,4.088894e-02,-5.566007e-02,3.213537e-02
0.060000,1.306667,0,1.052940,7.220475e-03,3.786399e-02,-5.566007e-02,3.213537e-02
0.060000,1.403333,0,1.052940,6.967352e-03,3.525578e-02,-5.566007e-02,3.213537e-02
0.060000,1.500000,0,1.052940,6.739110e-03,3.298374e-02,-5.566007e-02,3.213537e-02
0.070000,0.050000,0,1.056756,3.744568e-02,9.990340e-01,-5.619566e-02,3.244458e-02
0.070000,0.146667,0,1.056756,2.186357e-02,3.405798e-01,-5.619566e-02,3.244458e-02
0.070000,0.243333,0,1.056756,1.697407e-02,2.052810e-01,-5.619566e-02,3.244458e-02
0.070000,0.340000,0,1.056756,1.435976e-02,1.469168e-01,-5.619566e-02,3.244458e-02
0.070000,0.436667,0,1.056756,1.267102e-02,1.143932e-01,-5.619566e-02,3.244458e-02
0.070000,0.533333,0,1.056756,1.146535e-02,9.365944e-02,-5.619566e-02,3.244458e-02
0.070000,0.630000,0,1.056756,1.054913e-02,7.928841e-02,-5.619566e-02,3.244458e-02
0.070000,0.726667,0,1.056756,9.822433e-03,6.874087e-02,-5.619566e-02,3.244458e-02
0.070000,0.823333,0,1.056756,9.227815e-03,6.067008e-02,-5.619566e-02,3.244458e-02
0.070000,0.920000,0,1.056756,8.729569e-03,5.429533e-02,-5.619566e-02,3.244458e-02
0.070000,1.016667,0,1.056756,8.304193e-03,4.913282e-02,-5.619566e-02,3.244458e-02
0.070000,1.113333,0,1.056756,7.935497e-03,4.486680e-02,-5.619566e-02,3.244458e-02
0.070000,1.210000,0,1.056756,7.611917e-03,4.128240e-02,-5.619566e-02,3.244458e-02
0.070000,1.306667,0,1.056756,7.324944e-03,3.822834e-02,-5.619566e-02,3.244458e-02
0.070000,1.403333,0,1.056756,7.068159e-03,3.559504e-02,-5.619566e-02,3.244458e-02
0.070000,1.500000,0,1.056756,6.836614e-03,3.330113e-02,-5.619566e-02,3.244458e-02
0.080000,0.050000,0,1.060408,3.802132e-02,1.009247e+00,-5.677012e-02,3.277625e-02
0.080000,0.146667,0,1.060408,2.219967e-02,3.440613e-01,-5.677012e-02,3.277625e-02
0.080000,0.243333,0,1.060408,1.723500e-02,2.073794e-01,-5.677012e-02,3.277625e-02
0.080000,0.340000,0,1.060408,1.458051e-02,1.484186e-01,-5.677012e-02,3.277625e-02
0.080000,0.436667,0,1.060408,1.286581e-02,1.155626e-01,-5.677012e-02,3.277625e-02
0.080000,0.533333,0,1.060408,1.164160e-02,9.461686e-02,-5.677012e-02,3.277625e-02
0.080000,0.630000,0,1.060408,1.071129e-02,8.009893e-02,-5.677012e-02,3.277625e-02
0.080000,0.726667,0,1.060408,9.973431e-03,6.944357e-02,-5.677012e-02,3.277625e-02
0.080000,0.823333,0,1.060408,9.369671e-03,6.129027e-02,-5.677012e-02,3.277625e-02
0.080000,0.920000,0,1.060408,8.863766e-03,5.485035e-02,-5.677012e-02,3.277625e-02
0.080000,1.016667,0,1.060408,8.431851e-03,4.963507e-02,-5.677012e-02,3.277625e-02
0.080000,1.113333,0,1.060408,8.057487e-03,4.532544e-02,-5.677012e-02,3.277625e-02
0.080000,1.210000,0,1.060408,7.728933e-03,4.170440e-02,-5.677012e-02,3.277625e-02
0.080000,1.306667,0,1.060408,7.437548e-03,3.861913e-02,-5.677012e-02,3.277625e-02
0.080000,1.403333,0,1.060408,7.176816e-03,3.595890e-02,-5.677012e-02,3.277625e-02
0.080000,1.500000,0,1.060408,6.941712e-03,3.364155e-02,-5.677012e-02,3.277625e-02
0.090000,0.050000,0,1.063901,3.863719e-02,1.020116e+00,-5.738151e-02,3.312924e-02
0.090000,0.146667,0,1.063901,2.255926e-02,3.477667e-01,-5.738151e-02,3.312924e-02
0.090000,0.243333,0,1.063901,1.751418e-02,2.096128e-01,-5.738151e-02,3.312924e-02
0.090000,0.340000,0,1.063901,1.481669e-02,1.500170e-01,-5.738151e-02,3.312924e-02
0.090000,0.436667,0,1.063901,1.307421e-02,1.168071e-01,-5.738151e-02,3.312924e-02
0.090000,0.533333,0,1.063901,1.183018e-02,9.563585e-02,-5.738151e-02,3.312924e-02
0.090000,0.630000,0,1.063901,1.088480e-02,8.096157e-02,-5.738151e-02,3.312924e-02
0.090000,0.726667,0,1.063901,1.013498e-02,7.019145e-02,-5.738151e-02,3.312924e-02
0.090000,0.823333,0,1.063901,9.521441e-03,6.195035e-02,-5.738151e-02,3.312924e-02
0.090000,0.920000,0,1.063901,9.007342e-03,5.544107e-02,-5.738151e-02,3.312924e-02
0.090000,1.016667,0,1.063901,8.568430e-03,5.016963e-02,-5.738151e-02,3.312924e-02
0.090000,1.113333,0,1.063901,8.188002e-03,4.581358e-02,-5.738151e-02,3.312924e-02
0.090000,1.210000,0,1.063901,7.854126e-03,4.215354e-02,-5.738151e-02,3.312924e-02
0.090000,1.306667,0,1.063901,7.558022e-03,3.903504e-02,-5.738151e-02,3.312924e-02
0.090000,1.403333,0,1.063901,7.293066e-03,3.634617e-02,-5.738151e-02,3.312924e-02
0.090000,1.500000,0,1.063901,7.054154e-03,3.400386e-02,-5.738151e-02,3.312924e-02
0.100000,0.050000,0,1.067240,3.929167e-02,1.031603e+00,-5.802770e-02,3.350231e-02
0.100000,0.146667,0,1.067240,2.294139e-02,3.516830e-01,-5.802770e-02,3.350231e-02
0.100000,0.243333,0,1.067240,1.781085e-02,2.119733e-01,-5.802770e-02,3.350231e-02
0.100000,0.340000,0,1.067240,1.506767e-02,1.517064e-01,-5.802770e-02,3.350231e-02
0.100000,0.436667,0,1.067240,1.329568e-02,1.181225e-01,-5.802770e-02,3.350231e-02
0.100000,0.533333,0,1.067240,1.203057e-02,9.671283e-02,-5.802770e-02,3.350231e-02
0.100000,0.630000,0,1.067240,1.106917e-02,8.187329e-02,-5.802770e-02,3.350231e-02
0.100000,0.726667,0,1.067240,1.030666e-02,7.098189e-02,-5.802770e-02,3.350231e-02
0.100000,0.823333,0,1.067240,9.682725e-03,6.264798e-02,-5.802770e-02,3.350231e-02
0.100000,0.920000,0,1.067240,9.159917e-03,5.606541e-02,-5.802770e-02,3.350231e-02
0.100000,1.016667,0,1.067240,8.713571e-03,5.073460e-02,-5.802770e-02,3.350231e-02
0.100000,1.113333,0,1.067240,8.326699e-03,4.632950e-02,-5.802770e-02,3.350231e-02
0.100000,1.210000,0,1.067240,7.987167e-03,4.262824e-02,-5.802770e-02,3.350231e-02
0.100000,1.306667,0,1.067240,7.686047e-03,3.947462e-02,-5.802770e-02,3.350231e-02
0.100000,1.403333,0,1.067240,7.416603e-03,3.675547e-02,-5.802770e-02,3.350231e-02
0.100000,1.500000,0,1.067240,7.173644e-03,3.438678e-02,-5.802770e-02,3.350231e-02
0.110000,0.050000,0,1.070432,3.998287e-02,1.043667e+00,-5.870624e-02,3.389407e-02
0.110000,0.146667,0,1.070432,2.334497e-02,3.557954e-01,-5.870624e-02,3.389407e-02
0.110000,0.243333,0,1.070432,1.812417e-02,2.144520e-01,-5.870624e-02,3.389407e-02
0.110000,0.340000,0,1.070432,1.533273e-02,1.534804e-01,-5.870624e-02,3.389407e-02
0.110000,0.436667,0,1.070432,1.352957e-02,1.195038e-01,-5.870624e-02,3.389407e-02
0.110000,0.533333,0,1.070432,1.224220e-02,9.784373e-02,-5.870624e-02,3.389407e-02
0.110000,0.630000,0,1.070432,1.126390e-02,8.283068e-02,-5.870624e-02,3.389407e-02
0.110000,0.726667,0,1.070432,1.048797e-02,7.181192e-02,-5.870624e-02,3.389407e-02
0.110000,0.823333,0,1.070432,9.853059e-03,6.338056e-02,-5.870624e-02,3.389407e-02
0.110000,0.920000,0,1.070432,9.321054e-03,5.672101e-02,-5.870624e-02,3.389407e-02
0.110000,1.016667,0,1.070432,8.866856e-03,5.132786e-02,-5.870624e-02,3.389407e-02
0.110000,1.113333,0,1.070432,8.473178e-03,4.687125e-02,-5.870624e-02,3.389407e-02
0.110000,1.210000,0,1.070432,8.127674e-03,4.312672e-02,-5.870624e-02,3.389407e-02
0.110000,1.306667,0,1.070432,7.821257e-03,3.993622e-02,-5.870624e-02,3.389407e-02
0.110000,1.403333,0,1.070432,7.547073e-03,3.718527e-02,-5.870624e-02,3.389407e-02
0.110000,1.500000,0,1.070432,7.299840e-03,3.478888e-02,-5.870624e-02,3.389407e-02
0.120000,0.050000,0,1.073480,4.070878e-02,1.056261e+00,-5.941467e-02,3.430308e-02
0.120000,0.146667,0,1.073480,2.376880e-02,3.600889e-01,-5.941467e-02,3.430308e-02
0.120000,0.243333,0,1.073480,1.845322e-02,2.170399e-01,-5.941467e-02,3.430308e-02
0.120000,0.340000,0,1.073480,1.561110e-02,1.553325e-01,-5.941467e-02,3.430308e-02
0.120000,0.436667,0,1.073480,1.377520e-02,1.209459e-01,-5.941467e-02,3.430308e-02
0.120000,0.533333,0,1.073480,1.246447e-02,9.902445e-02,-5.941467e-02,3.430308e-02
0.120000,0.630000,0,1.073480,1.146840e-02,8.383023e-02,-5.941467e-02,3.430308e-02
0.120000,0.726667,0,1.073480,1.067838e-02,7.267850e-02,-5.941467e-02,3.430308e-02
0.120000,0.823333,0,1.073480,1.003195e-02,6.414539e-02,-5.941467e-02,3.430308e-02
0.120000,0.920000,0,1.073480,9.490282e-03,5.740548e-02,-5.941467e-02,3.430308e-02
0.120000,1.016667,0,1.073480,9.027838e-03,5.194725e-02,-5.941467e-02,3.430308e-02
0.120000,1.113333,0,1.073480,8.627013e-03,4.743686e-02,-5.941467e-02,3.430308e-02
0.120000,1.210000,0,1.073480,8.275235e-03,4.364714e-02,-5.941467e-02,3.430308e-02
0.120000,1.306667,0,1.073480,7.963255e-03,4.041814e-02,-5.941467e-02,3.430308e-02
0.120000,1.403333,0,1.073480,7.684093e-03,3.763400e-02,-5.941467e-02,3.430308e-02
0.120000,1.500000,0,1.073480,7.432372e-03,3.520869e-02,-5.941467e-02,3.430308e-02
0.120000,0.050000,1,1.298461,1.170587e+00,9.913979e+00,-5.576613e-01,3.219663e-01
0.120000,0.146667,1,1.298461,6.834754e-01,3.379766e+00,-5.576613e-01,3.219663e-01
0.120000,0.243333,1,1.298461,5.306251e-01,2.037119e+00,-5.576613e-01,3.219663e-01
0.120000,0.340000,1,1.298461,4.488995e-01,1.457938e+00,-5.576613e-01,3.219663e-01
0.120000,0.436667,1,1.298461,3.961080e-01,1.135188e+00,-5.576613e-01,3.219663e-01
0.120000,0.533333,1,1.298461,3.584175e-01,9.294355e-01,-5.576613e-01,3.219663e-01
0.120000,0.630000,1,1.298461,3.297755e-01,7.868237e-01,-5.576613e-01,3.219663e-01
0.120000,0.726667,1,1.298461,3.070584e-01,6.821545e-01,-5.576613e-01,3.219663e-01
0.120000,0.823333,1,1.298461,2.884701e-01,6.020635e-01,-5.576613e-01,3.219663e-01
0.120000,0.920000,1,1.298461,2.728944e-01,5.388032e-01,-5.576613e-01,3.219663e-01
0.120000,1.016667,1,1.298461,2.595968e-01,4.875727e-01,-5.576613e-01,3.219663e-01
0.120000,1.113333,1,1.298461,2.480710e-01,4.452386e-01,-5.576613e-01,3.219663e-01
0.120000,1.210000,1,1.298461,2.379556e-01,4.096685e-01,-5.576613e-01,3.219663e-01
0.120000,1.306667,1,1.298461,2.289846e-01,3.793614e-01,-5.576613e-01,3.219663e-01
0.120000,1.403333,1,1.298461,2.209572e-01,3.532296e-01,-5.576613e-01,3.219663e-01
0.120000,1.500000,1,1.298461,2.137189e-01,3.304660e-01,-5.576613e-01,3.219663e-01
0.120000,0.050000,2,1.305037,9.794675e-01,8.803171e+00,-4.951784e-01,2.858914e-01
0.120000,0.146667,2,1.305037,5.718858e-01,3.001081e+00,-4.951784e-01,2.858914e-01
0.120000,0.243333,2,1.305037,4.439911e-01,1.808871e+00,-4.951784e-01,2.858914e-01
0.120000,0.340000,2,1.305037,3.756087e-01,1.294584e+00,-4.951784e-01,2.858914e-01
0.120000,0.436667,2,1.305037,3.314363e-01,1.007997e+00,-4.951784e-01,2.858914e-01
0.120000,0.533333,2,1.305037,2.998995e-01,8.252973e-01,-4.951784e-01,2.858914e-01
0.120000,0.630000,2,1.305037,2.759337e-01,6.986644e-01,-4.951784e-01,2.858914e-01
0.120000,0.726667,2,1.305037,2.569256e-01,6.057228e-01,-4.951784e-01,2.858914e-01
0.120000,0.823333,2,1.305037,2.413722e-01,5.346055e-01,-4.951784e-01,2.858914e-01
0.120000,0.920000,2,1.305037,2.283395e-01,4.784332e-01,-4.951784e-01,2.858914e-01
0.120000,1.016667,2,1.305037,2.172130e-01,4.329429e-01,-4.951784e-01,2.858914e-01
0.120000,1.113333,2,1.305037,2.075690e-01,3.953520e-01,-4.951784e-01,2.858914e-01
0.120000,1.210000,2,1.305037,1.991051e-01,3.637674e-01,-4.951784e-01,2.858914e-01
0.120000,1.306667,2,1.305037,1.915987e-01,3.368560e-01,-4.951784e-01,2.858914e-01
0.120000,1.403333,2,1.305037,1.848820e-01,3.136522e-01,-4.951784e-01,2.858914e-01
0.120000,1.500000,2,1.305037,1.788255e-01,2.934390e-01,-4.951784e-01,2.858914e-01
0.130000,0.050000,0,1.076392,4.146717e-02,1.069339e+00,-6.015031e-02,3.472781e-02
0.130000,0.146667,0,1.076392,2.421161e-02,3.645474e-01,-6.015031e-02,3.472781e-02
0.130000,0.243333,0,1.076392,1.879700e-02,2.197272e-01,-6.015031e-02,3.472781e-02
0.130000,0.340000,0,1.076392,1.590193e-02,1.572557e-01,-6.015031e-02,3.472781e-02
0.130000,0.436667,0,1.076392,1.403183e-02,1.224434e-01,-6.015031e-02,3.472781e-02
0.130000,0.533333,0,1.076392,1.269668e-02,1.002505e-01,-6.015031e-02,3.472781e-02
0.130000,0.630000,0,1.076392,1.168205e-02,8.486817e-02,-6.015031e-02,3.472781e-02
0.130000,0.726667,0,1.076392,1.087732e-02,7.357836e-02,-6.015031e-02,3.472781e-02
0.130000,0.823333,0,1.076392,1.021884e-02,6.493961e-02,-6.015031e-02,3.472781e-02
0.130000,0.920000,0,1.076392,9.667083e-03,5.811624e-02,-6.015031e-02,3.472781e-02
0.130000,1.016667,0,1.076392,9.196024e-03,5.259044e-02,-6.015031e-02,3.472781e-02
0.130000,1.113333,0,1.076392,8.787731e-03,4.802420e-02,-6.015031e-02,3.472781e-02
0.130000,1.210000,0,1.076392,8.429401e-03,4.418756e-02,-6.015031e-02,3.472781e-02
0.130000,1.306667,0,1.076392,8.111608e-03,4.091858e-02,-6.015031e-02,3.472781e-02
0.130000,1.403333,0,1.076392,7.827246e-03,3.809996e-02,-6.015031e-02,3.472781e-02
0.130000,1.500000,0,1.076392,7.570834e-03,3.564463e-02,-6.015031e-02,3.472781e-02
0.130000,0.050000,1,1.297431,1.385011e+00,1.109042e+01,-6.238361e-01,3.601721e-01
0.130000,0.146667,1,1.297431,8.086725e-01,3.780825e+00,-6.238361e-01,3.601721e-01
0.130000,0.243333,1,1.297431,6.278235e-01,2.278853e+00,-6.238361e-01,3.601721e-01
0.130000,0.340000,1,1.297431,5.311276e-01,1.630944e+00,-6.238361e-01,3.601721e-01
0.130000,0.436667,1,1.297431,4.686659e-01,1.269895e+00,-6.238361e-01,3.601721e-01
0.130000,0.533333,1,1.297431,4.240714e-01,1.039727e+00,-6.238361e-01,3.601721e-01
0.130000,0.630000,1,1.297431,3.901828e-01,8.801920e-01,-6.238361e-01,3.601721e-01
0.130000,0.726667,1,1.297431,3.633045e-01,7.631023e-01,-6.238361e-01,3.601721e-01
0.130000,0.823333,1,1.297431,3.413112e-01,6.735073e-01,-6.238361e-01,3.601721e-01
0.130000,0.920000,1,1.297431,3.228825e-01,6.027402e-01,-6.238361e-01,3.601721e-01
0.130000,1.016667,1,1.297431,3.071490e-01,5.454305e-01,-6.238361e-01,3.601721e-01
0.130000,1.113333,1,1.297431,2.935119e-01,4.980727e-01,-6.238361e-01,3.601721e-01
0.130000,1.210000,1,1.297431,2.815436e-01,4.582818e-01,-6.238361e-01,3.601721e-01
0.130000,1.306667,1,1.297431,2.709293e-01,4.243783e-01,-6.238361e-01,3.601721e-01
0.130000,1.403333,1,1.297431,2.614315e-01,3.951456e-01,-6.238361e-01,3.601721e-01
0.130000,1.500000,1,1.297431,2.528673e-01,3.696807e-01,-6.238361e-01,3.601721e-01
0.130000,0.050000,2,1.315306,8.541246e-01,8.035138e+00,-4.519765e-01,2.609487e-01
0.130000,0.146667,2,1.315306,4.987014e-01,2.739252e+00,-4.519765e-01,2.609487e-01
0.130000,0.243333,2,1.315306,3.871733e-01,1.651056e+00,-4.519765e-01,2.609487e-01
0.130000,0.340000,2,1.315306,3.275419e-01,1.181638e+00,-4.519765e-01,2.609487e-01
0.130000,0.436667,2,1.315306,2.890222e-01,9.200540e-01,-4.519765e-01,2.609487e-01
0.130000,0.533333,2,1.315306,2.615212e-01,7.532942e-01,-4.519765e-01,2.609487e-01
0.130000,0.630000,2,1.315306,2.406224e-01,6.377094e-01,-4.519765e-01,2.609487e-01
0.130000,0.726667,2,1.315306,2.240467e-01,5.528765e-01,-4.519765e-01,2.609487e-01
0.130000,0.823333,2,1.315306,2.104837e-01,4.879639e-01,-4.519765e-01,2.609487e-01
0.130000,0.920000,2,1.315306,1.991188e-01,4.366923e-01,-4.519765e-01,2.609487e-01
0.130000,1.016667,2,1.315306,1.894161e-01,3.951707e-01,-4.519765e-01,2.609487e-01
0.130000,1.113333,2,1.315306,1.810063e-01,3.608595e-01,-4.519765e-01,2.609487e-01
0.130000,1.210000,2,1.315306,1.736255e-01,3.320305e-01,-4.519765e-01,2.609487e-01
0.130000,1.306667,2,1.315306,1.670798e-01,3.074670e-01,-4.519765e-01,2.609487e-01
0.130000,1.403333,2,1.315306,1.612226e-01,2.862876e-01,-4.519765e-01,2.609487e-01
0.130000,1.500000,2,1.315306,1.559411e-01,2.678379e-01,-4.519765e-01,2.609487e-01
0.140000,0.050000,0,1.079173,4.225575e-02,1.082853e+00,-6.091050e-02,3.516670e-02
0.140000,0.146667,0,1.079173,2.467204e-02,3.691546e-01,-6.091050e-02,3.516670e-02
0.140000,0.243333,0,1.079173,1.915446e-02,2.225041e-01,-6.091050e-02,3.516670e-02
0.140000,0.340000,0,1.079173,1.620434e-02,1.592431e-01,-6.091050e-02,3.516670e-02
0.140000,0.436667,0,1.079173,1.429868e-02,1.239908e-01,-6.091050e-02,3.516670e-02
0.140000,0.533333,0,1.079173,1.293813e-02,1.015175e-01,-6.091050e-02,3.516670e-02
0.140000,0.630000,0,1.079173,1.190421e-02,8.594074e-02,-6.091050e-02,3.516670e-02
0.140000,0.726667,0,1.079173,1.108417e-02,7.450826e-02,-6.091050e-02,3.516670e-02
0.140000,0.823333,0,1.079173,1.041317e-02,6.576033e-02,-6.091050e-02,3.516670e-02
0.140000,0.920000,0,1.079173,9.850923e-03,5.885073e-02,-6.091050e-02,3.516670e-02
0.140000,1.016667,0,1.079173,9.370905e-03,5.325508e-02,-6.091050e-02,3.516670e-02
0.140000,1.113333,0,1.079173,8.954848e-03,4.863114e-02,-6.091050e-02,3.516670e-02
0.140000,1.210000,0,1.079173,8.589703e-03,4.474601e-02,-6.091050e-02,3.516670e-02
0.140000,1.306667,0,1.079173,8.265867e-03,4.143572e-02,-6.091050e-02,3.516670e-02
0.140000,1.403333,0,1.079173,7.976097e-03,3.858147e-02,-6.091050e-02,3.516670e-02
0.140000,1.500000,0,1.079173,7.714809e-03,3.609511e-02,-6.091050e-02,3.516670e-02
0.140000,0.050000,1,1.298616,1.545190e+00,1.192982e+01,-6.710522e-01,3.874322e-01
0.140000,0.146667,1,1.298616,9.021967e-01,4.066983e+00,-6.710522e-01,3.874322e-01
0.140000,0.243333,1,1.298616,7.004323e-01,2.451332e+00,-6.710522e-01,3.874322e-01
0.140000,0.340000,1,1.298616,5.925534e-01,1.754385e+00,-6.710522e-01,3.874322e-01
0.140000,0.436667,1,1.298616,5.228678e-01,1.366010e+00,-6.710522e-01,3.874322e-01
0.140000,0.533333,1,1.298616,4.731159e-01,1.118420e+00,-6.710522e-01,3.874322e-01
0.140000,0.630000,1,1.298616,4.353080e-01,9.468109e-01,-6.710522e-01,3.874322e-01
0.140000,0.726667,1,1.298616,4.053212e-01,8.208590e-01,-6.710522e-01,3.874322e-01
0.140000,0.823333,1,1.298616,3.807843e-01,7.244828e-01,-6.710522e-01,3.874322e-01
0.140000,0.920000,1,1.298616,3.602243e-01,6.483596e-01,-6.710522e-01,3.874322e-01
0.140000,1.016667,1,1.298616,3.426712e-01,5.867123e-01,-6.710522e-01,3.874322e-01
0.140000,1.113333,1,1.298616,3.274570e-01,5.357702e-01,-6.710522e-01,3.874322e-01
0.140000,1.210000,1,1.298616,3.141046e-01,4.929676e-01,-6.710522e-01,3.874322e-01
0.140000,1.306667,1,1.298616,3.022627e-01,4.564981e-01,-6.710522e-01,3.874322e-01
0.140000,1.403333,1,1.298616,2.916665e-01,4.250529e-01,-6.710522e-01,3.874322e-01
0.140000,1.500000,1,1.298616,2.821118e-01,3.976606e-01,-6.710522e-01,3.874322e-01
0.140000,0.050000,2,1.323428,7.911972e-01,7.635470e+00,-4.294952e-01,2.479691e-01
0.140000,0.146667,2,1.323428,4.619597e-01,2.603001e+00,-4.294952e-01,2.479691e-01
0.140000,0.243333,2,1.323428,3.586485e-01,1.568932e+00,-4.294952e-01,2.479691e-01
0.140000,0.340000,2,1.323428,3.034103e-01,1.122863e+00,-4.294952e-01,2.479691e-01
0.140000,0.436667,2,1.323428,2.677286e-01,8.742904e-01,-4.294952e-01,2.479691e-01
0.140000,0.533333,2,1.323428,2.422537e-01,7.158253e-01,-4.294952e-01,2.479691e-01
0.140000,0.630000,2,1.323428,2.228946e-01,6.059896e-01,-4.294952e-01,2.479691e-01
0.140000,0.726667,2,1.323428,2.075402e-01,5.253763e-01,-4.294952e-01,2.479691e-01
0.140000,0.823333,2,1.323428,1.949763e-01,4.636925e-01,-4.294952e-01,2.479691e-01
0.140000,0.920000,2,1.323428,1.844488e-01,4.149712e-01,-4.294952e-01,2.479691e-01
0.140000,1.016667,2,1.323428,1.754609e-01,3.755149e-01,-4.294952e-01,2.479691e-01
0.140000,1.113333,2,1.323428,1.676707e-01,3.429103e-01,-4.294952e-01,2.479691e-01
0.140000,1.210000,2,1.323428,1.608337e-01,3.155153e-01,-4.294952e-01,2.479691e-01
0.140000,1.306667,2,1.323428,1.547702e-01,2.921736e-01,-4.294952e-01,2.479691e-01
0.140000,1.403333,2,1.323428,1.493445e-01,2.720476e-01,-4.294952e-01,2.479691e-01
0.140000,1.500000,2,1.323428,1.444522e-01,2.545157e-01,-4.294952e-01,2.479691e-01
0.150000,0.050000,0,1.081828,4.307213e-02,1.096756e+00,-6.169253e-02,3.561820e-02
0.150000,0.146667,0,1.081828,2.514871e-02,3.738941e-01,-6.169253e-02,3.561820e-02
0.150000,0.243333,0,1.081828,1.952453e-02,2.253608e-01,-6.169253e-02,3.561820e-02
0.150000,0.340000,0,1.081828,1.651741e-02,1.612876e-01,-6.169253e-02,3.561820e-02
0.150000,0.436667,0,1.081828,1.457493e-02,1.255827e-01,-6.169253e-02,3.561820e-02
0.150000,0.533333,0,1.081828,1.318809e-02,1.028209e-01,-6.169253e-02,3.561820e-02
0.150000,0.630000,0,1.081828,1.213420e-02,8.704413e-02,-6.169253e-02,3.561820e-02
0.150000,0.726667,0,1.081828,1.129832e-02,7.546486e-02,-6.169253e-02,3.561820e-02
0.150000,0.823333,0,1.081828,1.061435e-02,6.660462e-02,-6.169253e-02,3.561820e-02
0.150000,0.920000,0,1.081828,1.004124e-02,5.960631e-02,-6.169253e-02,3.561820e-02
0.150000,1.016667,0,1.081828,9.551951e-03,5.393882e-02,-6.169253e-02,3.561820e-02
0.150000,1.113333,0,1.081828,9.127856e-03,4.925551e-02,-6.169253e-02,3.561820e-02
0.150000,1.210000,0,1.081828,8.755656e-03,4.532050e-02,-6.169253e-02,3.561820e-02
0.150000,1.306667,0,1.081828,8.425564e-03,4.196770e-02,-6.169253e-02,3.561820e-02
0.150000,1.403333,0,1.081828,8.130195e-03,3.907682e-02,-6.169253e-02,3.561820e-02
0.150000,1.500000,0,1.081828,7.863860e-03,3.655853e-02,-6.169253e-02,3.561820e-02
0.150000,0.050000,1,1.300447,1.695964e+00,1.269376e+01,-7.140240e-01,4.122418e-01
0.150000,0.146667,1,1.300447,9.902295e-01,4.327418e+00,-7.140240e-01,4.122418e-01
0.150000,0.243333,1,1.300447,7.687777e-01,2.608307e+00,-7.140240e-01,4.122418e-01
0.150000,0.340000,1,1.300447,6.503724e-01,1.866729e+00,-7.140240e-01,4.122418e-01
0.150000,0.436667,1,1.300447,5.738872e-01,1.453484e+00,-7.140240e-01,4.122418e-01
0.150000,0.533333,1,1.300447,5.192807e-01,1.190040e+00,-7.140240e-01,4.122418e-01
0.150000,0.630000,1,1.300447,4.777837e-01,1.007441e+00,-7.140240e-01,4.122418e-01
0.150000,0.726667,1,1.300447,4.448709e-01,8.734238e-01,-7.140240e-01,4.122418e-01
0.150000,0.823333,1,1.300447,4.179398e-01,7.708761e-01,-7.140240e-01,4.122418e-01
0.150000,0.920000,1,1.300447,3.953736e-01,6.898782e-01,-7.140240e-01,4.122418e-01
0.150000,1.016667,1,1.300447,3.761078e-01,6.242832e-01,-7.140240e-01,4.122418e-01
0.150000,1.113333,1,1.300447,3.594090e-01,5.700790e-01,-7.140240e-01,4.122418e-01
0.150000,1.210000,1,1.300447,3.447537e-01,5.245355e-01,-7.140240e-01,4.122418e-01
0.150000,1.306667,1,1.300447,3.317563e-01,4.857306e-01,-7.140240e-01,4.122418e-01
0.150000,1.403333,1,1.300447,3.201262e-01,4.522717e-01,-7.140240e-01,4.122418e-01
0.150000,1.500000,1,1.300447,3.096392e-01,4.231253e-01,-7.140240e-01,4.122418e-01
0.150000,0.050000,2,1.330965,7.460931e-01,7.342454e+00,-4.130130e-01,2.384531e-01
0.150000,0.146667,2,1.330965,4.356245e-01,2.503109e+00,-4.130130e-01,2.384531e-01
0.150000,0.243333,2,1.330965,3.382028e-01,1.508723e+00,-4.130130e-01,2.384531e-01
0.150000,0.340000,2,1.330965,2.861136e-01,1.079773e+00,-4.130130e-01,2.384531e-01
0.150000,0.436667,2,1.330965,2.524661e-01,8.407390e-01,-4.130130e-01,2.384531e-01
0.150000,0.533333,2,1.330965,2.284434e-01,6.883551e-01,-4.130130e-01,2.384531e-01
0.150000,0.630000,2,1.330965,2.101879e-01,5.827344e-01,-4.130130e-01,2.384531e-01
0.150000,0.726667,2,1.330965,1.957088e-01,5.052147e-01,-4.130130e-01,2.384531e-01
0.150000,0.823333,2,1.330965,1.838612e-01,4.458980e-01,-4.130130e-01,2.384531e-01
0.150000,0.920000,2,1.330965,1.739339e-01,3.990464e-01,-4.130130e-01,2.384531e-01
0.150000,1.016667,2,1.330965,1.654584e-01,3.611043e-01,-4.130130e-01,2.384531e-01
0.150000,1.113333,2,1.330965,1.581122e-01,3.297509e-01,-4.130130e-01,2.384531e-01
0.150000,1.210000,2,1.330965,1.516650e-01,3.034072e-01,-4.130130e-01,2.384531e-01
0.150000,1.306667,2,1.330965,1.459472e-01,2.809612e-01,-4.130130e-01,2.384531e-01
0.150000,1.403333,2,1.330965,1.408308e-01,2.616076e-01,-4.130130e-01,2.384531e-01
0.150000,1.500000,2,1.330965,1.362173e-01,2.447485e-01,-4.130130e-01,2.384531e-01
0.160000,0.050000,0,1.084364,4.391388e-02,1.110999e+00,-6.249369e-02,3.608075e-02
0.160000,0.146667,0,1.084364,2.564018e-02,3.787497e-01,-6.249369e-02,3.608075e-02
0.160000,0.243333,0,1.084364,1.990609e-02,2.282875e-01,-6.249369e-02,3.608075e-02
0.160000,0.340000,0,1.084364,1.684020e-02,1.633822e-01,-6.249369e-02,3.608075e-02
0.160000,0.436667,0,1.084364,1.485976e-02,1.272136e-01,-6.249369e-02,3.608075e-02
0.160000,0.533333,0,1.084364,1.344582e-02,1.041562e-01,-6.249369e-02,3.608075e-02
0.160000,0.630000,0,1.084364,1.237133e-02,8.817452e-02,-6.249369e-02,3.608075e-02
0.160000,0.726667,0,1.084364,1.151912e-02,7.644489e-02,-6.249369e-02,3.608075e-02
0.160000,0.823333,0,1.084364,1.082179e-02,6.746958e-02,-6.249369e-02,3.608075e-02
0.160000,0.920000,0,1.084364,1.023748e-02,6.038038e-02,-6.249369e-02,3.608075e-02
0.160000,1.016667,0,1.084364,9.738622e-03,5.463930e-02,-6.249369e-02,3.608075e-02
0.160000,1.113333,0,1.084364,9.306239e-03,4.989517e-02,-6.249369e-02,3.608075e-02
0.160000,1.210000,0,1.084364,8.926765e-03,4.590905e-02,-6.249369e-02,3.608075e-02
0.160000,1.306667,0,1.084364,8.590222e-03,4.251272e-02,-6.249369e-02,3.608075e-02
0.160000,1.403333,0,1.084364,8.289081e-03,3.958429e-02,-6.249369e-02,3.608075e-02
0.160000,1.500000,0,1.084364,8.017541e-03,3.703330e-02,-6.249369e-02,3.608075e-02
0.160000,0.050000,1,1.302626,1.845977e+00,1.343168e+01,-7.555318e-01,4.362062e-01
0.160000,0.146667,1,1.302626,1.077819e+00,4.578980e+00,-7.555318e-01,4.362062e-01
0.160000,0.243333,1,1.302626,8.367786e-01,2.759933e+00,-7.555318e-01,4.362062e-01
0.160000,0.340000,1,1.302626,7.079000e-01,1.975246e+00,-7.555318e-01,4.362062e-01
0.160000,0.436667,1,1.302626,6.246494e-01,1.537978e+00,-7.555318e-01,4.362062e-01
0.160000,0.533333,1,1.302626,5.652128e-01,1.259220e+00,-7.555318e-01,4.362062e-01
0.160000,0.630000,1,1.302626,5.200452e-01,1.066006e+00,-7.555318e-01,4.362062e-01
0.160000,0.726667,1,1.302626,4.842211e-01,9.241979e-01,-7.555318e-01,4.362062e-01
0.160000,0.823333,1,1.302626,4.549079e-01,8.156888e-01,-7.555318e-01,4.362062e-01
0.160000,0.920000,1,1.302626,4.303457e-01,7.299824e-01,-7.555318e-01,4.362062e-01
0.160000,1.016667,1,1.302626,4.093757e-01,6.605742e-01,-7.555318e-01,4.362062e-01
0.160000,1.113333,1,1.302626,3.911999e-01,6.032190e-01,-7.555318e-01,4.362062e-01
0.160000,1.210000,1,1.302626,3.752483e-01,5.550279e-01,-7.555318e-01,4.362062e-01
0.160000,1.306667,1,1.302626,3.611012e-01,5.139672e-01,-7.555318e-01,4.362062e-01
0.160000,1.403333,1,1.302626,3.484424e-01,4.785633e-01,-7.555318e-01,4.362062e-01
0.160000,1.500000,1,1.302626,3.370278e-01,4.477225e-01,-7.555318e-01,4.362062e-01
0.160000,0.050000,2,1.338211,7.104239e-01,7.106531e+00,-3.997423e-01,2.307912e-01
0.160000,0.146667,2,1.338211,4.147982e-01,2.422681e+00,-3.997423e-01,2.307912e-01
0.160000,0.243333,2,1.338211,3.220340e-01,1.460246e+00,-3.997423e-01,2.307912e-01
0.160000,0.340000,2,1.338211,2.724351e-01,1.045078e+00,-3.997423e-01,2.307912e-01
0.160000,0.436667,2,1.338211,2.403962e-01,8.137249e-01,-3.997423e-01,2.307912e-01
0.160000,0.533333,2,1.338211,2.175220e-01,6.662372e-01,-3.997423e-01,2.307912e-01
0.160000,0.630000,2,1.338211,2.001393e-01,5.640104e-01,-3.997423e-01,2.307912e-01
0.160000,0.726667,2,1.338211,1.863524e-01,4.889815e-01,-3.997423e-01,2.307912e-01
0.160000,0.823333,2,1.338211,1.750712e-01,4.315707e-01,-3.997423e-01,2.307912e-01
0.160000,0.920000,2,1.338211,1.656184e-01,3.862245e-01,-3.997423e-01,2.307912e-01
0.160000,1.016667,2,1.338211,1.575481e-01,3.495015e-01,-3.997423e-01,2.307912e-01
0.160000,1.113333,2,1.338211,1.505532e-01,3.191556e-01,-3.997423e-01,2.307912e-01
0.160000,1.210000,2,1.338211,1.444142e-01,2.936583e-01,-3.997423e-01,2.307912e-01
0.160000,1.306667,2,1.338211,1.389697e-01,2.719336e-01,-3.997423e-01,2.307912e-01
0.160000,1.403333,2,1.338211,1.340980e-01,2.532018e-01,-3.997423e-01,2.307912e-01
0.160000,1.500000,2,1.338211,1.297051e-01,2.368844e-01,-3.997423e-01,2.307912e-01
0.170000,0.050000,0,1.086784,4.477852e-02,1.125535e+00,-6.331133e-02,3.655282e-02
0.170000,0.146667,0,1.086784,2.614502e-02,3.837050e-01,-6.331133e-02,3.655282e-02
0.170000,0.243333,0,1.086784,2.029803e-02,2.312743e-01,-6.331133e-02,3.655282e-02
0.170000,0.340000,0,1.086784,1.717178e-02,1.655198e-01,-6.331133e-02,3.655282e-02
0.170000,0.436667,0,1.086784,1.515234e-02,1.288780e-01,-6.331133e-02,3.655282e-02
0.170000,0.533333,0,1.086784,1.371057e-02,1.055189e-01,-6.331133e-02,3.655282e-02
0.170000,0.630000,0,1.086784,1.261492e-02,8.932816e-02,-6.331133e-02,3.655282e-02
0.170000,0.726667,0,1.086784,1.174592e-02,7.744505e-02,-6.331133e-02,3.655282e-02
0.170000,0.823333,0,1.086784,1.103486e-02,6.835231e-02,-6.331133e-02,3.655282e-02
0.170000,0.920000,0,1.086784,1.043905e-02,6.117037e-02,-6.331133e-02,3.655282e-02
0.170000,1.016667,0,1.086784,9.930370e-03,5.535417e-02,-6.331133e-02,3.655282e-02
0.170000,1.113333,0,1.086784,9.489474e-03,5.054797e-02,-6.331133e-02,3.655282e-02
0.170000,1.210000,0,1.086784,9.102528e-03,4.650970e-02,-6.331133e-02,3.655282e-02
0.170000,1.306667,0,1.086784,8.759359e-03,4.306893e-02,-6.331133e-02,3.655282e-02
0.170000,1.403333,0,1.086784,8.452288e-03,4.010219e-02,-6.331133e-02,3.655282e-02
0.170000,1.500000,0,1.086784,8.175402e-03,3.751783e-02,-6.331133e-02,3.655282e-02
0.170000,0.050000,1,1.305032,1.998874e+00,1.416347e+01,-7.966950e-01,4.599718e-01
0.170000,0.146667,1,1.305032,1.167091e+00,4.828455e+00,-7.966950e-01,4.599718e-01
0.170000,0.243333,1,1.305032,9.060865e-01,2.910302e+00,-7.966950e-01,4.599718e-01
0.170000,0.340000,1,1.305032,7.665333e-01,2.082863e+00,-7.966950e-01,4.599718e-01
0.170000,0.436667,1,1.305032,6.763873e-01,1.621771e+00,-7.966950e-01,4.599718e-01
0.170000,0.533333,1,1.305032,6.120277e-01,1.327825e+00,-7.966950e-01,4.599718e-01
0.170000,0.630000,1,1.305032,5.631190e-01,1.124085e+00,-7.966950e-01,4.599718e-01
0.170000,0.726667,1,1.305032,5.243278e-01,9.745505e-01,-7.966950e-01,4.599718e-01
0.170000,0.823333,1,1.305032,4.925866e-01,8.601296e-01,-7.966950e-01,4.599718e-01
0.170000,0.920000,1,1.305032,4.659900e-01,7.697537e-01,-7.966950e-01,4.599718e-01
0.170000,1.016667,1,1.305032,4.432831e-01,6.965640e-01,-7.966950e-01,4.599718e-01
0.170000,1.113333,1,1.305032,4.236019e-01,6.360839e-01,-7.966950e-01,4.599718e-01
0.170000,1.210000,1,1.305032,4.063290e-01,5.852672e-01,-7.966950e-01,4.599718e-01
0.170000,1.306667,1,1.305032,3.910102e-01,5.419694e-01,-7.966950e-01,4.599718e-01
0.170000,1.403333,1,1.305032,3.773028e-01,5.046366e-01,-7.966950e-01,4.599718e-01
0.170000,1.500000,1,1.305032,3.649428e-01,4.721156e-01,-7.966950e-01,4.599718e-01
0.170000,0.050000,2,1.345282,6.808121e-01,6.907656e+00,-3.885556e-01,2.243327e-01
0.170000,0.146667,2,1.345282,3.975086e-01,2.354883e+00,-3.885556e-01,2.243327e-01
0.170000,0.243333,2,1.345282,3.086110e-01,1.419381e+00,-3.885556e-01,2.243327e-01
0.170000,0.340000,2,1.345282,2.610795e-01,1.015832e+00,-3.885556e-01,2.243327e-01
0.170000,0.436667,2,1.345282,2.303760e-01,7.909529e-01,-3.885556e-01,2.243327e-01
0.170000,0.533333,2,1.345282,2.084553e-01,6.475927e-01,-3.885556e-01,2.243327e-01
0.170000,0.630000,2,1.345282,1.917971e-01,5.482266e-01,-3.885556e-01,2.243327e-01
0.170000,0.726667,2,1.345282,1.785849e-01,4.752974e-01,-3.885556e-01,2.243327e-01
0.170000,0.823333,2,1.345282,1.677739e-01,4.194933e-01,-3.885556e-01,2.243327e-01
0.170000,0.920000,2,1.345282,1.587151e-01,3.754161e-01,-3.885556e-01,2.243327e-01
0.170000,1.016667,2,1.345282,1.509812e-01,3.397208e-01,-3.885556e-01,2.243327e-01
0.170000,1.113333,2,1.345282,1.442778e-01,3.102241e-01,-3.885556e-01,2.243327e-01
0.170000,1.210000,2,1.345282,1.383947e-01,2.854403e-01,-3.885556e-01,2.243327e-01
0.170000,1.306667,2,1.345282,1.331772e-01,2.643236e-01,-3.885556e-01,2.243327e-01
0.170000,1.403333,2,1.345282,1.285085e-01,2.461160e-01,-3.885556e-01,2.243327e-01
0.170000,1.500000,2,1.345282,1.242987e-01,2.302552e-01,-3.885556e-01,2.243327e-01
0.180000,0.050000,0,1.089095,4.566363e-02,1.140318e+00,-6.414289e-02,3.703293e-02
0.180000,0.146667,0,1.089095,2.666181e-02,3.887448e-01,-6.414289e-02,3.703293e-02
0.180000,0.243333,0,1.089095,2.069925e-02,2.343119e-01,-6.414289e-02,3.703293e-02
0.180000,0.340000,0,1.089095,1.751120e-02,1.676938e-01,-6.414289e-02,3.703293e-02
0.180000,0.436667,0,1.089095,1.545185e-02,1.305708e-01,-6.414289e-02,3.703293e-02
0.180000,0.533333,0,1.089095,1.398157e-02,1.069048e-01,-6.414289e-02,3.703293e-02
0.180000,0.630000,0,1.089095,1.286427e-02,9.050144e-02,-6.414289e-02,3.703293e-02
0.180000,0.726667,0,1.089095,1.197810e-02,7.846226e-02,-6.414289e-02,3.703293e-02
0.180000,0.823333,0,1.089095,1.125298e-02,6.925009e-02,-6.414289e-02,3.703293e-02
0.180000,0.920000,0,1.089095,1.064539e-02,6.197381e-02,-6.414289e-02,3.703293e-02
0.180000,1.016667,0,1.089095,1.012666e-02,5.608122e-02,-6.414289e-02,3.703293e-02
0.180000,1.113333,0,1.089095,9.677046e-03,5.121189e-02,-6.414289e-02,3.703293e-02
0.180000,1.210000,0,1.089095,9.282452e-03,4.712058e-02,-6.414289e-02,3.703293e-02
0.180000,1.306667,0,1.089095,8.932499e-03,4.363462e-02,-6.414289e-02,3.703293e-02
0.180000,1.403333,0,1.089095,8.619359e-03,4.062891e-02,-6.414289e-02,3.703293e-02
0.180000,1.500000,0,1.089095,8.336999e-03,3.801060e-02,-6.414289e-02,3.703293e-02
0.180000,0.050000,1,1.307600,2.156680e+00,1.489943e+01,-8.380929e-01,4.838732e-01
0.180000,0.146667,1,1.307600,1.259230e+00,5.079351e+00,-8.380929e-01,4.838732e-01
0.180000,0.243333,1,1.307600,9.776197e-01,3.061527e+00,-8.380929e-01,4.838732e-01
0.180000,0.340000,1,1.307600,8.270491e-01,2.191093e+00,-8.380929e-01,4.838732e-01
0.180000,0.436667,1,1.307600,7.297863e-01,1.706042e+00,-8.380929e-01,4.838732e-01
0.180000,0.533333,1,1.307600,6.603457e-01,1.396822e+00,-8.380929e-01,4.838732e-01
0.180000,0.630000,1,1.307600,6.075758e-01,1.182494e+00,-8.380929e-01,4.838732e-01
0.180000,0.726667,1,1.307600,5.657221e-01,1.025190e+00,-8.380929e-01,4.838732e-01
0.180000,0.823333,1,1.307600,5.314751e-01,9.048237e-01,-8.380929e-01,4.838732e-01
0.180000,0.920000,1,1.307600,5.027787e-01,8.097516e-01,-8.380929e-01,4.838732e-01
0.180000,1.016667,1,1.307600,4.782792e-01,7.327589e-01,-8.380929e-01,4.838732e-01
0.180000,1.113333,1,1.307600,4.570441e-01,6.691361e-01,-8.380929e-01,4.838732e-01
0.180000,1.210000,1,1.307600,4.384076e-01,6.156789e-01,-8.380929e-01,4.838732e-01
0.180000,1.306667,1,1.307600,4.218794e-01,5.701312e-01,-8.380929e-01,4.838732e-01
0.180000,1.403333,1,1.307600,4.070899e-01,5.308586e-01,-8.380929e-01,4.838732e-01
0.180000,1.500000,1,1.307600,3.937541e-01,4.966477e-01,-8.380929e-01,4.838732e-01
0.180000,0.050000,2,1.352238,6.555039e-01,6.735389e+00,-3.788657e-01,2.187382e-01
0.180000,0.146667,2,1.352238,3.827318e-01,2.296155e+00,-3.788657e-01,2.187382e-01
0.180000,0.243333,2,1.352238,2.971389e-01,1.383984e+00,-3.788657e-01,2.187382e-01
0.180000,0.340000,2,1.352238,2.513743e-01,9.904984e-01,-3.788657e-01,2.187382e-01
0.180000,0.436667,2,1.352238,2.218121e-01,7.712278e-01,-3.788657e-01,2.187382e-01
0.180000,0.533333,2,1.352238,2.007063e-01,6.314428e-01,-3.788657e-01,2.187382e-01
0.180000,0.630000,2,1.352238,1.846673e-01,5.345547e-01,-3.788657e-01,2.187382e-01
0.180000,0.726667,2,1.352238,1.719462e-01,4.634442e-01,-3.788657e-01,2.187382e-01
0.180000,0.823333,2,1.352238,1.615372e-01,4.090317e-01,-3.788657e-01,2.187382e-01
0.180000,0.920000,2,1.352238,1.528151e-01,3.660538e-01,-3.788657e-01,2.187382e-01
0.180000,1.016667,2,1.352238,1.453687e-01,3.312487e-01,-3.788657e-01,2.187382e-01
0.180000,1.113333,2,1.352238,1.389145e-01,3.024875e-01,-3.788657e-01,2.187382e-01
0.180000,1.210000,2,1.352238,1.332501e-01,2.783219e-01,-3.788657e-01,2.187382e-01
0.180000,1.306667,2,1.352238,1.282265e-01,2.577317e-01,-3.788657e-01,2.187382e-01
0.180000,1.403333,2,1.352238,1.237314e-01,2.399782e-01,-3.788657e-01,2.187382e-01
0.180000,1.500000,2,1.352238,1.196781e-01,2.245130e-01,-3.788657e-01,2.187382e-01
0.190000,0.050000,0,1.091303,4.656678e-02,1.155305e+00,-6.498590e-02,3.751963e-02
0.190000,0.146667,0,1.091303,2.718914e-02,3.938539e-01,-6.498590e-02,3.751963e-02
0.190000,0.243333,0,1.091303,2.110865e-02,2.373914e-01,-6.498590e-02,3.751963e-02
0.190000,0.340000,0,1.091303,1.785755e-02,1.698978e-01,-6.498590e-02,3.751963e-02
0.190000,0.436667,0,1.091303,1.575746e-02,1.322868e-01,-6.498590e-02,3.751963e-02
0.190000,0.533333,0,1.091303,1.425811e-02,1.083098e-01,-6.498590e-02,3.751963e-02
0.190000,0.630000,0,1.091303,1.311870e-02,9.169086e-02,-6.498590e-02,3.751963e-02
0.190000,0.726667,0,1.091303,1.221500e-02,7.949345e-02,-6.498590e-02,3.751963e-02
0.190000,0.823333,0,1.091303,1.147555e-02,7.016021e-02,-6.498590e-02,3.751963e-02
0.190000,0.920000,0,1.091303,1.085594e-02,6.278830e-02,-6.498590e-02,3.751963e-02
0.190000,1.016667,0,1.091303,1.032695e-02,5.681827e-02,-6.498590e-02,3.751963e-02
0.190000,1.113333,0,1.091303,9.868443e-03,5.188495e-02,-6.498590e-02,3.751963e-02
0.190000,1.210000,0,1.091303,9.466045e-03,4.773987e-02,-6.498590e-02,3.751963e-02
0.190000,1.306667,0,1.091303,9.109170e-03,4.420809e-02,-6.498590e-02,3.751963e-02
0.190000,1.403333,0,1.091303,8.789837e-03,4.116288e-02,-6.498590e-02,3.751963e-02
0.190000,1.500000,0,1.091303,8.501892e-03,3.851016e-02,-6.498590e-02,3.751963e-02
0.190000,0.050000,1,1.310292,2.320717e+00,1.564567e+01,-8.800690e-01,5.081076e-01
0.190000,0.146667,1,1.310292,1.355007e+00,5.333752e+00,-8.800690e-01,5.081076e-01
0.190000,0.243333,1,1.310292,1.051977e+00,3.214864e+00,-8.800690e-01,5.081076e-01
0.190000,0.340000,1,1.310292,8.899545e-01,2.300834e+00,-8.800690e-01,5.081076e-01
0.190000,0.436667,1,1.310292,7.852939e-01,1.791489e+00,-8.800690e-01,5.081076e-01
0.190000,0.533333,1,1.310292,7.105717e-01,1.466782e+00,-8.800690e-01,5.081076e-01
0.190000,0.630000,1,1.310292,6.537880e-01,1.241720e+00,-8.800690e-01,5.081076e-01
0.190000,0.726667,1,1.310292,6.087509e-01,1.076537e+00,-8.800690e-01,5.081076e-01
0.190000,0.823333,1,1.310292,5.718991e-01,9.501420e-01,-8.800690e-01,5.081076e-01
0.190000,0.920000,1,1.310292,5.410200e-01,8.503082e-01,-8.800690e-01,5.081076e-01
0.190000,1.016667,1,1.310292,5.146571e-01,7.694592e-01,-8.800690e-01,5.081076e-01
0.190000,1.113333,1,1.310292,4.918069e-01,7.026499e-01,-8.800690e-01,5.081076e-01
0.190000,1.210000,1,1.310292,4.717529e-01,6.465153e-01,-8.800690e-01,5.081076e-01
0.190000,1.306667,1,1.310292,4.539676e-01,5.986864e-01,-8.800690e-01,5.081076e-01
0.190000,1.403333,1,1.310292,4.380532e-01,5.574467e-01,-8.800690e-01,5.081076e-01
0.190000,1.500000,1,1.310292,4.237031e-01,5.215224e-01,-8.800690e-01,5.081076e-01
0.190000,0.050000,2,1.359113,6.334524e-01,6.583475e+00,-3.703205e-01,2.138046e-01
0.190000,0.146667,2,1.359113,3.698565e-01,2.244367e+00,-3.703205e-01,2.138046e-01
0.190000,0.243333,2,1.359113,2.871430e-01,1.352769e+00,-3.703205e-01,2.138046e-01
0.190000,0.340000,2,1.359113,2.429179e-01,9.681582e-01,-3.703205e-01,2.138046e-01
0.190000,0.436667,2,1.359113,2.143502e-01,7.538331e-01,-3.703205e-01,2.138046e-01
0.190000,0.533333,2,1.359113,1.939544e-01,6.172008e-01,-3.703205e-01,2.138046e-01
0.190000,0.630000,2,1.359113,1.784550e-01,5.224981e-01,-3.703205e-01,2.138046e-01
0.190000,0.726667,2,1.359113,1.661619e-01,4.529914e-01,-3.703205e-01,2.138046e-01
0.190000,0.823333,2,1.359113,1.561030e-01,3.998062e-01,-3.703205e-01,2.138046e-01
0.190000,0.920000,2,1.359113,1.476744e-01,3.577976e-01,-3.703205e-01,2.138046e-01
0.190000,1.016667,2,1.359113,1.404784e-01,3.237775e-01,-3.703205e-01,2.138046e-01
0.190000,1.113333,2,1.359113,1.342414e-01,2.956651e-01,-3.703205e-01,2.138046e-01
0.190000,1.210000,2,1.359113,1.287675e-01,2.720444e-01,-3.703205e-01,2.138046e-01
0.190000,1.306667,2,1.359113,1.239129e-01,2.519187e-01,-3.703205e-01,2.138046e-01
0.190000,1.403333,2,1.359113,1.195690e-01,2.345656e-01,-3.703205e-01,2.138046e-01
0.190000,1.500000,2,1.359113,1.156521e-01,2.194492e-01,-3.703205e-01,2.138046e-01
0.200000,0.050000,0,1.093410,4.748564e-02,1.170453e+00,-6.583798e-02,3.801158e-02
0.200000,0.146667,0,1.093410,2.772564e-02,3.990180e-01,-6.583798e-02,3.801158e-02
0.200000,0.243333,0,1.093410,2.152516e-02,2.405040e-01,-6.583798e-02,3.801158e-02
0.200000,0.340000,0,1.093410,1.820991e-02,1.721254e-01,-6.583798e-02,3.801158e-02
0.200000,0.436667,0,1.093410,1.606839e-02,1.340213e-01,-6.583798e-02,3.801158e-02
0.200000,0.533333,0,1.093410,1.453945e-02,1.097300e-01,-6.583798e-02,3.801158e-02
0.200000,0.630000,0,1.093410,1.337756e-02,9.289309e-02,-6.583798e-02,3.801158e-02
0.200000,0.726667,0,1.093410,1.245603e-02,8.053575e-02,-6.583798e-02,3.801158e-02
0.200000,0.823333,0,1.093410,1.170198e-02,7.108014e-02,-6.583798e-02,3.801158e-02
0.200000,0.920000,0,1.093410,1.107015e-02,6.361157e-02,-6.583798e-02,3.801158e-02
0.200000,1.016667,0,1.093410,1.053072e-02,5.756326e-02,-6.583798e-02,3.801158e-02
0.200000,1.113333,0,1.093410,1.006317e-02,5.256525e-02,-6.583798e-02,3.801158e-02
0.200000,1.210000,0,1.093410,9.652828e-03,4.836582e-02,-6.583798e-02,3.801158e-02
0.200000,1.306667,0,1.093410,9.288912e-03,4.478774e-02,-6.583798e-02,3.801158e-02
0.200000,1.403333,0,1.093410,8.963278e-03,4.170260e-02,-6.583798e-02,3.801158e-02
0.200000,1.500000,0,1.093410,8.669651e-03,3.901510e-02,-6.583798e-02,3.801158e-02
0.200000,0.050000,1,1.313083,2.491956e+00,1.640613e+01,-9.228448e-01,5.328045e-01
0.200000,0.146667,1,1.313083,1.454989e+00,5.592999e+00,-9.228448e-01,5.328045e-01
0.200000,0.243333,1,1.313083,1.129600e+00,3.371123e+00,-9.228448e-01,5.328045e-01
0.200000,0.340000,1,1.313083,9.556215e-01,2.412666e+00,-9.228448e-01,5.328045e-01
0.200000,0.436667,1,1.313083,8.432383e-01,1.878564e+00,-9.228448e-01,5.328045e-01
0.200000,0.533333,1,1.313083,7.630026e-01,1.538075e+00,-9.228448e-01,5.328045e-01
0.200000,0.630000,1,1.313083,7.020291e-01,1.302074e+00,-9.228448e-01,5.328045e-01
0.200000,0.726667,1,1.313083,6.536688e-01,1.128862e+00,-9.228448e-01,5.328045e-01
0.200000,0.823333,1,1.313083,6.140978e-01,9.963237e-01,-9.228448e-01,5.328045e-01
0.200000,0.920000,1,1.313083,5.809402e-01,8.916375e-01,-9.228448e-01,5.328045e-01
0.200000,1.016667,1,1.313083,5.526321e-01,8.068588e-01,-9.228448e-01,5.328045e-01
0.200000,1.113333,1,1.313083,5.280959e-01,7.368022e-01,-9.228448e-01,5.328045e-01
0.200000,1.210000,1,1.313083,5.065621e-01,6.779392e-01,-9.228448e-01,5.328045e-01
0.200000,1.306667,1,1.313083,4.874645e-01,6.277856e-01,-9.228448e-01,5.328045e-01
0.200000,1.403333,1,1.313083,4.703758e-01,5.845414e-01,-9.228448e-01,5.328045e-01
0.200000,1.500000,1,1.313083,4.549668e-01,5.468710e-01,-9.228448e-01,5.328045e-01
0.200000,0.050000,2,1.365927,6.139731e-01,6.447808e+00,-3.626892e-01,2.093986e-01
0.200000,0.146667,2,1.365927,3.584830e-01,2.198116e+00,-3.626892e-01,2.093986e-01
0.200000,0.243333,2,1.365927,2.783130e-01,1.324892e+00,-3.626892e-01,2.093986e-01
0.200000,0.340000,2,1.365927,2.354479e-01,9.482071e-01,-3.626892e-01,2.093986e-01
0.200000,0.436667,2,1.365927,2.077587e-01,7.382986e-01,-3.626892e-01,2.093986e-01
0.200000,0.533333,2,1.365927,1.879901e-01,6.044820e-01,-3.626892e-01,2.093986e-01
0.200000,0.630000,2,1.365927,1.729673e-01,5.117308e-01,-3.626892e-01,2.093986e-01
0.200000,0.726667,2,1.365927,1.610522e-01,4.436565e-01,-3.626892e-01,2.093986e-01
0.200000,0.823333,2,1.365927,1.513026e-01,3.915673e-01,-3.626892e-01,2.093986e-01
0.200000,0.920000,2,1.365927,1.431332e-01,3.504243e-01,-3.626892e-01,2.093986e-01
0.200000,1.016667,2,1.365927,1.361586e-01,3.171053e-01,-3.626892e-01,2.093986e-01
0.200000,1.113333,2,1.365927,1.301133e-01,2.895722e-01,-3.626892e-01,2.093986e-01
0.200000,1.210000,2,1.365927,1.248078e-01,2.664383e-01,-3.626892e-01,2.093986e-01
0.200000,1.306667,2,1.365927,1.201025e-01,2.467273e-01,-3.626892e-01,2.093986e-01
0.200000,1.403333,2,1.365927,1.158921e-01,2.297319e-01,-3.626892e-01,2.093986e-01
0.200000,1.500000,2,1.365927,1.120956e-01,2.149269e-01,-3.626892e-01,2.093986e-01
0.210000,0.050000,0,1.095424,4.841790e-02,1.185722e+00,-6.669689e-02,3.850748e-02
0.210000,0.146667,0,1.095424,2.826996e-02,4.042236e-01,-6.669689e-02,3.850748e-02
0.210000,0.243333,0,1.095424,2.194776e-02,2.436416e-01,-6.669689e-02,3.850748e-02
0.210000,0.340000,0,1.095424,1.856742e-02,1.743710e-01,-6.669689e-02,3.850748e-02
0.210000,0.436667,0,1.095424,1.638385e-02,1.357698e-01,-6.669689e-02,3.850748e-02
0.210000,0.533333,0,1.095424,1.482489e-02,1.111615e-01,-6.669689e-02,3.850748e-02
0.210000,0.630000,0,1.095424,1.364020e-02,9.410496e-02,-6.669689e-02,3.850748e-02
0.210000,0.726667,0,1.095424,1.270057e-02,8.158641e-02,-6.669689e-02,3.850748e-02
0.210000,0.823333,0,1.095424,1.193172e-02,7.200744e-02,-6.669689e-02,3.850748e-02
0.210000,0.920000,0,1.095424,1.128748e-02,6.444144e-02,-6.669689e-02,3.850748e-02
0.210000,1.016667,0,1.095424,1.073746e-02,5.831422e-02,-6.669689e-02,3.850748e-02
0.210000,1.113333,0,1.095424,1.026073e-02,5.325101e-02,-6.669689e-02,3.850748e-02
0.210000,1.210000,0,1.095424,9.842338e-03,4.899680e-02,-6.669689e-02,3.850748e-02
0.210000,1.306667,0,1.095424,9.471277e-03,4.537203e-02,-6.669689e-02,3.850748e-02
0.210000,1.403333,0,1.095424,9.139249e-03,4.224664e-02,-6.669689e-02,3.850748e-02
0.210000,1.500000,0,1.095424,8.839859e-03,3.952408e-02,-6.669689e-02,3.850748e-02
0.210000,0.050000,1,1.315955,2.671155e+00,1.718352e+01,-9.665728e-01,5.580507e-01
0.210000,0.146667,1,1.315955,1.559619e+00,5.858017e+00,-9.665728e-01,5.580507e-01
0.210000,0.243333,1,1.315955,1.210830e+00,3.530859e+00,-9.665728e-01,5.580507e-01
0.210000,0.340000,1,1.315955,1.024341e+00,2.526988e+00,-9.665728e-01,5.580507e-01
0.210000,0.436667,1,1.315955,9.038765e-01,1.967578e+00,-9.665728e-01,5.580507e-01
0.210000,0.533333,1,1.315955,8.178709e-01,1.610955e+00,-9.665728e-01,5.580507e-01
0.210000,0.630000,1,1.315955,7.525127e-01,1.363771e+00,-9.665728e-01,5.580507e-01
0.210000,0.726667,1,1.315955,7.006748e-01,1.182352e+00,-9.665728e-01,5.580507e-01
0.210000,0.823333,1,1.315955,6.582582e-01,1.043533e+00,-9.665728e-01,5.580507e-01
0.210000,0.920000,1,1.315955,6.227162e-01,9.338867e-01,-9.665728e-01,5.580507e-01
0.210000,1.016667,1,1.315955,5.923724e-01,8.450909e-01,-9.665728e-01,5.580507e-01
0.210000,1.113333,1,1.315955,5.660718e-01,7.717148e-01,-9.665728e-01,5.580507e-01
0.210000,1.210000,1,1.315955,5.429895e-01,7.100626e-01,-9.665728e-01,5.580507e-01
0.210000,1.306667,1,1.315955,5.225185e-01,6.575325e-01,-9.665728e-01,5.580507e-01
0.210000,1.403333,1,1.315955,5.042010e-01,6.122393e-01,-9.665728e-01,5.580507e-01
0.210000,1.500000,1,1.315955,4.876840e-01,5.727839e-01,-9.665728e-01,5.580507e-01
0.210000,0.050000,2,1.372695,5.965888e-01,6.325516e+00,-3.558103e-01,2.054271e-01
0.210000,0.146667,2,1.372695,3.483328e-01,2.156426e+00,-3.558103e-01,2.054271e-01
0.210000,0.243333,2,1.372695,2.704327e-01,1.299764e+00,-3.558103e-01,2.054271e-01
0.210000,0.340000,2,1.372695,2.287814e-01,9.302230e-01,-3.558103e-01,2.054271e-01
0.210000,0.436667,2,1.372695,2.018762e-01,7.242957e-01,-3.558103e-01,2.054271e-01
0.210000,0.533333,2,1.372695,1.826673e-01,5.930171e-01,-3.558103e-01,2.054271e-01
0.210000,0.630000,2,1.372695,1.680698e-01,5.020251e-01,-3.558103e-01,2.054271e-01
0.210000,0.726667,2,1.372695,1.564921e-01,4.352419e-01,-3.558103e-01,2.054271e-01
0.210000,0.823333,2,1.372695,1.470186e-01,3.841407e-01,-3.558103e-01,2.054271e-01
0.210000,0.920000,2,1.372695,1.390805e-01,3.437781e-01,-3.558103e-01,2.054271e-01
0.210000,1.016667,2,1.372695,1.323033e-01,3.110910e-01,-3.558103e-01,2.054271e-01
0.210000,1.113333,2,1.372695,1.264292e-01,2.840801e-01,-3.558103e-01,2.054271e-01
0.210000,1.210000,2,1.372695,1.212739e-01,2.613850e-01,-3.558103e-01,2.054271e-01
0.210000,1.306667,2,1.372695,1.167018e-01,2.420478e-01,-3.558103e-01,2.054271e-01
0.210000,1.403333,2,1.372695,1.126107e-01,2.253747e-01,-3.558103e-01,2.054271e-01
0.210000,1.500000,2,1.372695,1.089217e-01,2.108505e-01,-3.558103e-01,2.054271e-01
0.220000,0.050000,0,1.097348,4.936138e-02,1.201076e+00,-6.756055e-02,3.900611e-02
0.220000,0.146667,0,1.097348,2.882084e-02,4.094579e-01,-6.756055e-02,3.900611e-02
0.220000,0.243333,0,1.097348,2.237544e-02,2.467965e-01,-6.756055e-02,3.900611e-02
0.220000,0.340000,0,1.097348,1.892923e-02,1.766289e-01,-6.756055e-02,3.900611e-02
0.220000,0.436667,0,1.097348,1.670311e-02,1.375278e-01,-6.756055e-02,3.900611e-02
0.220000,0.533333,0,1.097348,1.511377e-02,1.126009e-01,-6.756055e-02,3.900611e-02
0.220000,0.630000,0,1.097348,1.390599e-02,9.532353e-02,-6.756055e-02,3.900611e-02
0.220000,0.726667,0,1.097348,1.294806e-02,8.264287e-02,-6.756055e-02,3.900611e-02
0.220000,0.823333,0,1.097348,1.216423e-02,7.293986e-02,-6.756055e-02,3.900611e-02
0.220000,0.920000,0,1.097348,1.150743e-02,6.527589e-02,-6.756055e-02,3.900611e-02
0.220000,1.016667,0,1.097348,1.094670e-02,5.906933e-02,-6.756055e-02,3.900611e-02
0.220000,1.113333,0,1.097348,1.046067e-02,5.394056e-02,-6.756055e-02,3.900611e-02
0.220000,1.210000,0,1.097348,1.003413e-02,4.963126e-02,-6.756055e-02,3.900611e-02
0.220000,1.306667,0,1.097348,9.655837e-03,4.595956e-02,-6.756055e-02,3.900611e-02
0.220000,1.403333,0,1.097348,9.317339e-03,4.279370e-02,-6.756055e-02,3.900611e-02
0.220000,1.500000,0,1.097348,9.012114e-03,4.003588e-02,-6.756055e-02,3.900611e-02
0.220000,0.050000,1,1.318893,2.858952e+00,1.797976e+01,-1.011362e+00,5.839092e-01
0.220000,0.146667,1,1.318893,1.669268e+00,6.129465e+00,-1.011362e+00,5.839092e-01
0.220000,0.243333,1,1.318893,1.295958e+00,3.694472e+00,-1.011362e+00,5.839092e-01
0.220000,0.340000,1,1.318893,1.096358e+00,2.644083e+00,-1.011362e+00,5.839092e-01
0.220000,0.436667,1,1.318893,9.674239e-01,2.058751e+00,-1.011362e+00,5.839092e-01
0.220000,0.533333,1,1.318893,8.753716e-01,1.685603e+00,-1.011362e+00,5.839092e-01
0.220000,0.630000,1,1.318893,8.054184e-01,1.426965e+00,-1.011362e+00,5.839092e-01
0.220000,0.726667,1,1.318893,7.499360e-01,1.237140e+00,-1.011362e+00,5.839092e-01
0.220000,0.823333,1,1.318893,7.045373e-01,1.091888e+00,-1.011362e+00,5.839092e-01
0.220000,0.920000,1,1.318893,6.664966e-01,9.771610e-01,-1.011362e+00,5.839092e-01
0.220000,1.016667,1,1.318893,6.340194e-01,8.842506e-01,-1.011362e+00,5.839092e-01
0.220000,1.113333,1,1.318893,6.058697e-01,8.074744e-01,-1.011362e+00,5.839092e-01
0.220000,1.210000,1,1.318893,5.811646e-01,7.429654e-01,-1.011362e+00,5.839092e-01
0.220000,1.306667,1,1.318893,5.592544e-01,6.880011e-01,-1.011362e+00,5.839092e-01
0.220000,1.403333,1,1.318893,5.396490e-01,6.406091e-01,-1.011362e+00,5.839092e-01
0.220000,1.500000,1,1.318893,5.219708e-01,5.993254e-01,-1.011362e+00,5.839092e-01
0.220000,0.050000,2,1.379425,5.809510e-01,6.214491e+00,-3.495651e-01,2.018214e-01
0.220000,0.146667,2,1.379425,3.392023e-01,2.118577e+00,-3.495651e-01,2.018214e-01
0.220000,0.243333,2,1.379425,2.633442e-01,1.276950e+00,-3.495651e-01,2.018214e-01
0.220000,0.340000,2,1.379425,2.227845e-01,9.138958e-01,-3.495651e-01,2.018214e-01
0.220000,0.436667,2,1.379425,1.965846e-01,7.115830e-01,-3.495651e-01,2.018214e-01
0.220000,0.533333,2,1.379425,1.778792e-01,5.826086e-01,-3.495651e-01,2.018214e-01
0.220000,0.630000,2,1.379425,1.636644e-01,4.932136e-01,-3.495651e-01,2.018214e-01
0.220000,0.726667,2,1.379425,1.523902e-01,4.276026e-01,-3.495651e-01,2.018214e-01
0.220000,0.823333,2,1.379425,1.431649e-01,3.773983e-01,-3.495651e-01,2.018214e-01
0.220000,0.920000,2,1.379425,1.354349e-01,3.377441e-01,-3.495651e-01,2.018214e-01
0.220000,1.016667,2,1.379425,1.288354e-01,3.056307e-01,-3.495651e-01,2.018214e-01
0.220000,1.113333,2,1.379425,1.231153e-01,2.790939e-01,-3.495651e-01,2.018214e-01
0.220000,1.210000,2,1.379425,1.180951e-01,2.567972e-01,-3.495651e-01,2.018214e-01
0.220000,1.306667,2,1.379425,1.136429e-01,2.377994e-01,-3.495651e-01,2.018214e-01
0.220000,1.403333,2,1.379425,1.096590e-01,2.214189e-01,-3.495651e-01,2.018214e-01
0.220000,1.500000,2,1.379425,1.060667e-01,2.071497e-01,-3.495651e-01,2.018214e-01
0.230000,0.050000,0,1.099187,5.031398e-02,1.216480e+00,-6.842699e-02,3.950635e-02
0.230000,0.146667,0,1.099187,2.937704e-02,4.147090e-01,-6.842699e-02,3.950635e-02
0.230000,0.243333,0,1.099187,2.280725e-02,2.499616e-01,-6.842699e-02,3.950635e-02
0.230000,0.340000,0,1.099187,1.929453e-02,1.788941e-01,-6.842699e-02,3.950635e-02
0.230000,0.436667,0,1.099187,1.702545e-02,1.392916e-01,-6.842699e-02,3.950635e-02
0.230000,0.533333,0,1.099187,1.540545e-02,1.140450e-01,-6.842699e-02,3.950635e-02
0.230000,0.630000,0,1.099187,1.417436e-02,9.654601e-02,-6.842699e-02,3.950635e-02
0.230000,0.726667,0,1.099187,1.319794e-02,8.370273e-02,-6.842699e-02,3.950635e-02
0.230000,0.823333,0,1.099187,1.239898e-02,7.387529e-02,-6.842699e-02,3.950635e-02
0.230000,0.920000,0,1.099187,1.172951e-02,6.611303e-02,-6.842699e-02,3.950635e-02
0.230000,1.016667,0,1.099187,1.115795e-02,5.982687e-02,-6.842699e-02,3.950635e-02
0.230000,1.113333,0,1.099187,1.066255e-02,5.463232e-02,-6.842699e-02,3.950635e-02
0.230000,1.210000,0,1.099187,1.022777e-02,5.026776e-02,-6.842699e-02,3.950635e-02
0.230000,1.306667,0,1.099187,9.842179e-03,4.654897e-02,-6.842699e-02,3.950635e-02
0.230000,1.403333,0,1.099187,9.497149e-03,4.334251e-02,-6.842699e-02,3.950635e-02
0.230000,1.500000,0,1.099187,9.186034e-03,4.054932e-02,-6.842699e-02,3.950635e-02
0.230000,0.050000,1,1.321889,3.055902e+00,1.879630e+01,-1.057292e+00,6.104271e-01
0.230000,0.146667,1,1.321889,1.784262e+00,6.407829e+00,-1.057292e+00,6.104271e-01
0.230000,0.243333,1,1.321889,1.385236e+00,3.862253e+00,-1.057292e+00,6.104271e-01
0.230000,0.340000,1,1.321889,1.171885e+00,2.764161e+00,-1.057292e+00,6.104271e-01
0.230000,0.436667,1,1.321889,1.034069e+00,2.152248e+00,-1.057292e+00,6.104271e-01
0.230000,0.533333,1,1.321889,9.356751e-01,1.762153e+00,-1.057292e+00,6.104271e-01
0.230000,0.630000,1,1.321889,8.609029e-01,1.491770e+00,-1.057292e+00,6.104271e-01
0.230000,0.726667,1,1.321889,8.015984e-01,1.293323e+00,-1.057292e+00,6.104271e-01
0.230000,0.823333,1,1.321889,7.530721e-01,1.141476e+00,-1.057292e+00,6.104271e-01
0.230000,0.920000,1,1.321889,7.124108e-01,1.021538e+00,-1.057292e+00,6.104271e-01
0.230000,1.016667,1,1.321889,6.776963e-01,9.244081e-01,-1.057292e+00,6.104271e-01
0.230000,1.113333,1,1.321889,6.476074e-01,8.441451e-01,-1.057292e+00,6.104271e-01
0.230000,1.210000,1,1.321889,6.212004e-01,7.767065e-01,-1.057292e+00,6.104271e-01
0.230000,1.306667,1,1.321889,5.977809e-01,7.192461e-01,-1.057292e+00,6.104271e-01
0.230000,1.403333,1,1.321889,5.768249e-01,6.697018e-01,-1.057292e+00,6.104271e-01
0.230000,1.500000,1,1.321889,5.579288e-01,6.265433e-01,-1.057292e+00,6.104271e-01
0.230000,0.050000,2,1.386124,5.667956e-01,6.113128e+00,-3.438634e-01,1.985296e-01
0.230000,0.146667,2,1.386124,3.309373e-01,2.084021e+00,-3.438634e-01,1.985296e-01
0.230000,0.243333,2,1.386124,2.569275e-01,1.256122e+00,-3.438634e-01,1.985296e-01
0.230000,0.340000,2,1.386124,2.173562e-01,8.989894e-01,-3.438634e-01,1.985296e-01
0.230000,0.436667,2,1.386124,1.917946e-01,6.999765e-01,-3.438634e-01,1.985296e-01
0.230000,0.533333,2,1.386124,1.735450e-01,5.731057e-01,-3.438634e-01,1.985296e-01
0.230000,0.630000,2,1.386124,1.596766e-01,4.851689e-01,-3.438634e-01,1.985296e-01
0.230000,0.726667,2,1.386124,1.486770e-01,4.206281e-01,-3.438634e-01,1.985296e-01
0.230000,0.823333,2,1.386124,1.396766e-01,3.712426e-01,-3.438634e-01,1.985296e-01
0.230000,0.920000,2,1.386124,1.321349e-01,3.322352e-01,-3.438634e-01,1.985296e-01
0.230000,1.016667,2,1.386124,1.256962e-01,3.006456e-01,-3.438634e-01,1.985296e-01
0.230000,1.113333,2,1.386124,1.201154e-01,2.745417e-01,-3.438634e-01,1.985296e-01
0.230000,1.210000,2,1.386124,1.152176e-01,2.526086e-01,-3.438634e-01,1.985296e-01
0.230000,1.306667,2,1.386124,1.108738e-01,2.339207e-01,-3.438634e-01,1.985296e-01
0.230000,1.403333,2,1.386124,1.069870e-01,2.178074e-01,-3.438634e-01,1.985296e-01
0.230000,1.500000,2,1.386124,1.034822e-01,2.037709e-01,-3.438634e-01,1.985296e-01
0.240000,0.050000,0,1.100944,5.127370e-02,1.231900e+00,-6.929439e-02,4.000715e-02
0.240000,0.146667,0,1.100944,2.993739e-02,4.199660e-01,-6.929439e-02,4.000715e-02
0.240000,0.243333,0,1.100944,2.324229e-02,2.531302e-01,-6.929439e-02,4.000715e-02
0.240000,0.340000,0,1.100944,1.966257e-02,1.811618e-01,-6.929439e-02,4.000715e-02
0.240000,0.436667,0,1.100944,1.735021e-02,1.410573e-01,-6.929439e-02,4.000715e-02
0.240000,0.533333,0,1.100944,1.569930e-02,1.154906e-01,-6.929439e-02,4.000715e-02
0.240000,0.630000,0,1.100944,1.444473e-02,9.776986e-02,-6.929439e-02,4.000715e-02
0.240000,0.726667,0,1.100944,1.344968e-02,8.476378e-02,-6.929439e-02,4.000715e-02
0.240000,0.823333,0,1.100944,1.263548e-02,7.481176e-02,-6.929439e-02,4.000715e-02
0.240000,0.920000,0,1.100944,1.195324e-02,6.695110e-02,-6.929439e-02,4.000715e-02
0.240000,1.016667,0,1.100944,1.137078e-02,6.058526e-02,-6.929439e-02,4.000715e-02
0.240000,1.113333,0,1.100944,1.086593e-02,5.532486e-02,-6.929439e-02,4.000715e-02
0.240000,1.210000,0,1.100944,1.042286e-02,5.090497e-02,-6.929439e-02,4.000715e-02
0.240000,1.306667,0,1.100944,1.002992e-02,4.713904e-02,-6.929439e-02,4.000715e-02
0.240000,1.403333,0,1.100944,9.678304e-03,4.389193e-02,-6.929439e-02,4.000715e-02
0.240000,1.500000,0,1.100944,9.361254e-03,4.106334e-02,-6.929439e-02,4.000715e-02
0.240000,0.050000,1,1.324934,3.262501e+00,1.963420e+01,-1.104424e+00,6.376385e-01
0.240000,0.146667,1,1.324934,1.904890e+00,6.693476e+00,-1.104424e+00,6.376385e-01
0.240000,0.243333,1,1.324934,1.478886e+00,4.034424e+00,-1.104424e+00,6.376385e-01
0.240000,0.340000,1,1.324934,1.251112e+00,2.887382e+00,-1.104424e+00,6.376385e-01
0.240000,0.436667,1,1.324934,1.103978e+00,2.248191e+00,-1.104424e+00,6.376385e-01
0.240000,0.533333,1,1.324934,9.989327e-01,1.840706e+00,-1.104424e+00,6.376385e-01
0.240000,0.630000,1,1.324934,9.191054e-01,1.558270e+00,-1.104424e+00,6.376385e-01
0.240000,0.726667,1,1.324934,8.557915e-01,1.350977e+00,-1.104424e+00,6.376385e-01
0.240000,0.823333,1,1.324934,8.039846e-01,1.192360e+00,-1.104424e+00,6.376385e-01
0.240000,0.920000,1,1.324934,7.605744e-01,1.067076e+00,-1.104424e+00,6.376385e-01
0.240000,1.016667,1,1.324934,7.235129e-01,9.656163e-01,-1.104424e+00,6.376385e-01
0.240000,1.113333,1,1.324934,6.913898e-01,8.817753e-01,-1.104424e+00,6.376385e-01
0.240000,1.210000,1,1.324934,6.631975e-01,8.113305e-01,-1.104424e+00,6.376385e-01
0.240000,1.306667,1,1.324934,6.381947e-01,7.513086e-01,-1.104424e+00,6.376385e-01
0.240000,1.403333,1,1.324934,6.158220e-01,6.995557e-01,-1.104424e+00,6.376385e-01
0.240000,1.500000,1,1.324934,5.956484e-01,6.544732e-01,-1.104424e+00,6.376385e-01
0.240000,0.050000,2,1.392797,5.539162e-01,6.020167e+00,-3.386344e-01,1.955106e-01
0.240000,0.146667,2,1.392797,3.234174e-01,2.052330e+00,-3.386344e-01,1.955106e-01
0.240000,0.243333,2,1.392797,2.510893e-01,1.237021e+00,-3.386344e-01,1.955106e-01
0.240000,0.340000,2,1.392797,2.124172e-01,8.853187e-01,-3.386344e-01,1.955106e-01
0.240000,0.436667,2,1.392797,1.874364e-01,6.893321e-01,-3.386344e-01,1.955106e-01
0.240000,0.533333,2,1.392797,1.696015e-01,5.643907e-01,-3.386344e-01,1.955106e-01
0.240000,0.630000,2,1.392797,1.560482e-01,4.777910e-01,-3.386344e-01,1.955106e-01
0.240000,0.726667,2,1.392797,1.452986e-01,4.142317e-01,-3.386344e-01,1.955106e-01
0.240000,0.823333,2,1.392797,1.365027e-01,3.655972e-01,-3.386344e-01,1.955106e-01
0.240000,0.920000,2,1.392797,1.291324e-01,3.271830e-01,-3.386344e-01,1.955106e-01
0.240000,1.016667,2,1.392797,1.228400e-01,2.960738e-01,-3.386344e-01,1.955106e-01
0.240000,1.113333,2,1.392797,1.173860e-01,2.703668e-01,-3.386344e-01,1.955106e-01
0.240000,1.210000,2,1.392797,1.125995e-01,2.487672e-01,-3.386344e-01,1.955106e-01
0.240000,1.306667,2,1.392797,1.083544e-01,2.303635e-01,-3.386344e-01,1.955106e-01
0.240000,1.403333,2,1.392797,1.045559e-01,2.144953e-01,-3.386344e-01,1.955106e-01
0.240000,1.500000,2,1.392797,1.011308e-01,2.006722e-01,-3.386344e-01,1.955106e-01
0.250000,0.050000,0,1.102625,5.223867e-02,1.247308e+00,-7.016110e-02,4.050754e-02
0.250000,0.146667,0,1.102625,3.050081e-02,4.252188e-01,-7.016110e-02,4.050754e-02
0.250000,0.243333,0,1.102625,2.367971e-02,2.562962e-01,-7.016110e-02,4.050754e-02
0.250000,0.340000,0,1.102625,2.003262e-02,1.834277e-01,-7.016110e-02,4.050754e-02
0.250000,0.436667,0,1.102625,1.767674e-02,1.428216e-01,-7.016110e-02,4.050754e-02
0.250000,0.533333,0,1.102625,1.599476e-02,1.169352e-01,-7.016110e-02,4.050754e-02
0.250000,0.630000,0,1.102625,1.471658e-02,9.899273e-02,-7.016110e-02,4.050754e-02
0.250000,0.726667,0,1.102625,1.370281e-02,8.582397e-02,-7.016110e-02,4.050754e-02
0.250000,0.823333,0,1.102625,1.287328e-02,7.574747e-02,-7.016110e-02,4.050754e-02
0.250000,0.920000,0,1.102625,1.217820e-02,6.778850e-02,-7.016110e-02,4.050754e-02
0.250000,1.016667,0,1.102625,1.158478e-02,6.134303e-02,-7.016110e-02,4.050754e-02
0.250000,1.113333,0,1.102625,1.107043e-02,5.601684e-02,-7.016110e-02,4.050754e-02
0.250000,1.210000,0,1.102625,1.061902e-02,5.154167e-02,-7.016110e-02,4.050754e-02
0.250000,1.306667,0,1.102625,1.021868e-02,4.772864e-02,-7.016110e-02,4.050754e-02
0.250000,1.403333,0,1.102625,9.860449e-03,4.444092e-02,-7.016110e-02,4.050754e-02
0.250000,1.500000,0,1.102625,9.537433e-03,4.157695e-02,-7.016110e-02,4.050754e-02
0.250000,0.050000,1,1.328020,3.479205e+00,2.049429e+01,-1.152804e+00,6.655705e-01
0.250000,0.146667,1,1.328020,2.031418e+00,6.986688e+00,-1.152804e+00,6.655705e-01
0.250000,0.243333,1,1.328020,1.577118e+00,4.211155e+00,-1.152804e+00,6.655705e-01
0.250000,0.340000,1,1.328020,1.334214e+00,3.013866e+00,-1.152804e+00,6.655705e-01
0.250000,0.436667,1,1.328020,1.177308e+00,2.346674e+00,-1.152804e+00,6.655705e-01
0.250000,0.533333,1,1.328020,1.065285e+00,1.921339e+00,-1.152804e+00,6.655705e-01
0.250000,0.630000,1,1.328020,9.801549e-01,1.626531e+00,-1.152804e+00,6.655705e-01
0.250000,0.726667,1,1.328020,9.126355e-01,1.410157e+00,-1.152804e+00,6.655705e-01
0.250000,0.823333,1,1.328020,8.573875e-01,1.244592e+00,-1.152804e+00,6.655705e-01
0.250000,0.920000,1,1.328020,8.110938e-01,1.113820e+00,-1.152804e+00,6.655705e-01
0.250000,1.016667,1,1.328020,7.715707e-01,1.007916e+00,-1.152804e+00,6.655705e-01
0.250000,1.113333,1,1.328020,7.373138e-01,9.204020e-01,-1.152804e+00,6.655705e-01
0.250000,1.210000,1,1.328020,7.072489e-01,8.468713e-01,-1.152804e+00,6.655705e-01
0.250000,1.306667,1,1.328020,6.805853e-01,7.842201e-01,-1.152804e+00,6.655705e-01
0.250000,1.403333,1,1.328020,6.567265e-01,7.302002e-01,-1.152804e+00,6.655705e-01
0.250000,1.500000,1,1.328020,6.352130e-01,6.831428e-01,-1.152804e+00,6.655705e-01
0.250000,0.050000,2,1.399447,5.421482e-01,5.934597e+00,-3.338211e-01,1.927316e-01
0.250000,0.146667,2,1.399447,3.165463e-01,2.023158e+00,-3.338211e-01,1.927316e-01
0.250000,0.243333,2,1.399447,2.457549e-01,1.219438e+00,-3.338211e-01,1.927316e-01
0.250000,0.340000,2,1.399447,2.079043e-01,8.727348e-01,-3.338211e-01,1.927316e-01
0.250000,0.436667,2,1.399447,1.834543e-01,6.795340e-01,-3.338211e-01,1.927316e-01
0.250000,0.533333,2,1.399447,1.659983e-01,5.563684e-01,-3.338211e-01,1.927316e-01
0.250000,0.630000,2,1.399447,1.527330e-01,4.709997e-01,-3.338211e-01,1.927316e-01
0.250000,0.726667,2,1.399447,1.422117e-01,4.083438e-01,-3.338211e-01,1.927316e-01
0.250000,0.823333,2,1.399447,1.336027e-01,3.604006e-01,-3.338211e-01,1.927316e-01
0.250000,0.920000,2,1.399447,1.263889e-01,3.225324e-01,-3.338211e-01,1.927316e-01
0.250000,1.016667,2,1.399447,1.202302e-01,2.918654e-01,-3.338211e-01,1.927316e-01
0.250000,1.113333,2,1.399447,1.148922e-01,2.665238e-01,-3.338211e-01,1.927316e-01
0.250000,1.210000,2,1.399447,1.102073e-01,2.452313e-01,-3.338211e-01,1.927316e-01
0.250000,1.306667,2,1.399447,1.060524e-01,2.270892e-01,-3.338211e-01,1.927316e-01
0.250000,1.403333,2,1.399447,1.023346e-01,2.114464e-01,-3.338211e-01,1.927316e-01
0.250000,1.500000,2,1.399447,9.898227e-02,1.978199e-01,-3.338211e-01,1.927316e-01
0.260000,0.050000,0,1.104233,5.320712e-02,1.262677e+00,-7.102559e-02,4.100665e-02
0.260000,0.146667,0,1.104233,3.106627e-02,4.304581e-01,-7.102559e-02,4.100665e-02
0.260000,0.243333,0,1.104233,2.411870e-02,2.594542e-01,-7.102559e-02,4.100665e-02
0.260000,0.340000,0,1.104233,2.040400e-02,1.856878e-01,-7.102559e-02,4.100665e-02
0.260000,0.436667,0,1.104233,1.800445e-02,1.445813e-01,-7.102559e-02,4.100665e-02
0.260000,0.533333,0,1.104233,1.629129e-02,1.183760e-01,-7.102559e-02,4.100665e-02
0.260000,0.630000,0,1.104233,1.498941e-02,1.002125e-01,-7.102559e-02,4.100665e-02
0.260000,0.726667,0,1.104233,1.395684e-02,8.688145e-02,-7.102559e-02,4.100665e-02
0.260000,0.823333,0,1.104233,1.311194e-02,7.668080e-02,-7.102559e-02,4.100665e-02
0.260000,0.920000,0,1.104233,1.240397e-02,6.862376e-02,-7.102559e-02,4.100665e-02
0.260000,1.016667,0,1.104233,1.179955e-02,6.209887e-02,-7.102559e-02,4.100665e-02
0.260000,1.113333,0,1.104233,1.127567e-02,5.670706e-02,-7.102559e-02,4.100665e-02
0.260000,1.210000,0,1.104233,1.081589e-02,5.217674e-02,-7.102559e-02,4.100665e-02
0.260000,1.306667,0,1.104233,1.040812e-02,4.831673e-02,-7.102559e-02,4.100665e-02
0.260000,1.403333,0,1.104233,1.004325e-02,4.498849e-02,-7.102559e-02,4.100665e-02
0.260000,1.500000,0,1.104233,9.714247e-03,4.208924e-02,-7.102559e-02,4.100665e-02
0.260000,0.050000,1,1.331144,3.706441e+00,2.137720e+01,-1.202468e+00,6.942440e-01
0.260000,0.146667,1,1.331144,2.164095e+00,7.287682e+00,-1.202468e+00,6.942440e-01
0.260000,0.243333,1,1.331144,1.680124e+00,4.392575e+00,-1.202468e+00,6.942440e-01
0.260000,0.340000,1,1.331144,1.421355e+00,3.143706e+00,-1.202468e+00,6.942440e-01
0.260000,0.436667,1,1.331144,1.254201e+00,2.447771e+00,-1.202468e+00,6.942440e-01
0.260000,0.533333,1,1.331144,1.134861e+00,2.004113e+00,-1.202468e+00,6.942440e-01
0.260000,0.630000,1,1.331144,1.044171e+00,1.696603e+00,-1.202468e+00,6.942440e-01
0.260000,0.726667,1,1.331144,9.722422e-01,1.470908e+00,-1.202468e+00,6.942440e-01
0.260000,0.823333,1,1.331144,9.133857e-01,1.298211e+00,-1.202468e+00,6.942440e-01
0.260000,0.920000,1,1.331144,8.640685e-01,1.161804e+00,-1.202468e+00,6.942440e-01
0.260000,1.016667,1,1.331144,8.219640e-01,1.051338e+00,-1.202468e+00,6.942440e-01
0.260000,1.113333,1,1.331144,7.854698e-01,9.600539e-01,-1.202468e+00,6.942440e-01
0.260000,1.210000,1,1.331144,7.534412e-01,8.833554e-01,-1.202468e+00,6.942440e-01
0.260000,1.306667,1,1.331144,7.250362e-01,8.180051e-01,-1.202468e+00,6.942440e-01
0.260000,1.403333,1,1.331144,6.996191e-01,7.616580e-01,-1.202468e+00,6.942440e-01
0.260000,1.500000,1,1.331144,6.767004e-01,7.125733e-01,-1.202468e+00,6.942440e-01
0.260000,0.050000,2,1.406077,5.313574e-01,5.855585e+00,-3.293767e-01,1.901657e-01
0.260000,0.146667,2,1.406077,3.102459e-01,1.996222e+00,-3.293767e-01,1.901657e-01
0.260000,0.243333,2,1.406077,2.408635e-01,1.203202e+00,-3.293767e-01,1.901657e-01
0.260000,0.340000,2,1.406077,2.037663e-01,8.611155e-01,-3.293767e-01,1.901657e-01
0.260000,0.436667,2,1.406077,1.798029e-01,6.704869e-01,-3.293767e-01,1.901657e-01
0.260000,0.533333,2,1.406077,1.626943e-01,5.489611e-01,-3.293767e-01,1.901657e-01
0.260000,0.630000,2,1.406077,1.496930e-01,4.647290e-01,-3.293767e-01,1.901657e-01
0.260000,0.726667,2,1.406077,1.393812e-01,4.029073e-01,-3.293767e-01,1.901657e-01
0.260000,0.823333,2,1.406077,1.309435e-01,3.556024e-01,-3.293767e-01,1.901657e-01
0.260000,0.920000,2,1.406077,1.238733e-01,3.182383e-01,-3.293767e-01,1.901657e-01
0.260000,1.016667,2,1.406077,1.178372e-01,2.879796e-01,-3.293767e-01,1.901657e-01
0.260000,1.113333,2,1.406077,1.126054e-01,2.629754e-01,-3.293767e-01,1.901657e-01
0.260000,1.210000,2,1.406077,1.080138e-01,2.419663e-01,-3.293767e-01,1.901657e-01
0.260000,1.306667,2,1.406077,1.039416e-01,2.240658e-01,-3.293767e-01,1.901657e-01
0.260000,1.403333,2,1.406077,1.002978e-01,2.086313e-01,-3.293767e-01,1.901657e-01
0.260000,1.500000,2,1.406077,9.701214e-02,1.951862e-01,-3.293767e-01,1.901657e-01
0.270000,0.050000,0,1.105772,5.417740e-02,1.277981e+00,-7.188645e-02,4.150367e-02
0.270000,0.146667,0,1.105772,3.163279e-02,4.356755e-01,-7.188645e-02,4.150367e-02
0.270000,0.243333,0,1.105772,2.455853e-02,2.625989e-01,-7.188645e-02,4.150367e-02
0.270000,0.340000,0,1.105772,2.077608e-02,1.879384e-01,-7.188645e-02,4.150367e-02
0.270000,0.436667,0,1.105772,1.833277e-02,1.463337e-01,-7.188645e-02,4.150367e-02
0.270000,0.533333,0,1.105772,1.658837e-02,1.198108e-01,-7.188645e-02,4.150367e-02
0.270000,0.630000,0,1.105772,1.526275e-02,1.014271e-01,-7.188645e-02,4.150367e-02
0.270000,0.726667,0,1.105772,1.421136e-02,8.793450e-02,-7.188645e-02,4.150367e-02
0.270000,0.823333,0,1.105772,1.335105e-02,7.761021e-02,-7.188645e-02,4.150367e-02
0.270000,0.920000,0,1.105772,1.263017e-02,6.945551e-02,-7.188645e-02,4.150367e-02
0.270000,1.016667,0,1.105772,1.201473e-02,6.285154e-02,-7.188645e-02,4.150367e-02
0.270000,1.113333,0,1.105772,1.148129e-02,5.739437e-02,-7.188645e-02,4.150367e-02
0.270000,1.210000,0,1.105772,1.101312e-02,5.280915e-02,-7.188645e-02,4.150367e-02
0.270000,1.306667,0,1.105772,1.059792e-02,4.890235e-02,-7.188645e-02,4.150367e-02
0.270000,1.403333,0,1.105772,1.022640e-02,4.553378e-02,-7.188645e-02,4.150367e-02
0.270000,1.500000,0,1.105772,9.891395e-03,4.259938e-02,-7.188645e-02,4.150367e-02
0.270000,0.050000,1,1.334299,3.944610e+00,2.228344e+01,-1.253443e+00,7.236749e-01
0.270000,0.146667,1,1.334299,2.303156e+00,7.596626e+00,-1.253443e+00,7.236749e-01
0.270000,0.243333,1,1.334299,1.788086e+00,4.578789e+00,-1.253443e+00,7.236749e-01
0.270000,0.340000,1,1.334299,1.512689e+00,3.276976e+00,-1.253443e+00,7.236749e-01
0.270000,0.436667,1,1.334299,1.334793e+00,2.551539e+00,-1.253443e+00,7.236749e-01
0.270000,0.533333,1,1.334299,1.207785e+00,2.089072e+00,-1.253443e+00,7.236749e-01
0.270000,0.630000,1,1.334299,1.111268e+00,1.768527e+00,-1.253443e+00,7.236749e-01
0.270000,0.726667,1,1.334299,1.034717e+00,1.533264e+00,-1.253443e+00,7.236749e-01
0.270000,0.823333,1,1.334299,9.720783e-01,1.353245e+00,-1.253443e+00,7.236749e-01
0.270000,0.920000,1,1.334299,9.195920e-01,1.211056e+00,-1.253443e+00,7.236749e-01
0.270000,1.016667,1,1.334299,8.747819e-01,1.095907e+00,-1.253443e+00,7.236749e-01
0.270000,1.113333,1,1.334299,8.359427e-01,1.000753e+00,-1.253443e+00,7.236749e-01
0.270000,1.210000,1,1.334299,8.018561e-01,9.208032e-01,-1.253443e+00,7.236749e-01
0.270000,1.306667,1,1.334299,7.716257e-01,8.526826e-01,-1.253443e+00,7.236749e-01
0.270000,1.403333,1,1.334299,7.445754e-01,7.939467e-01,-1.253443e+00,7.236749e-01
0.270000,1.500000,1,1.334299,7.201840e-01,7.427813e-01,-1.253443e+00,7.236749e-01
0.270000,0.050000,2,1.412687,5.214327e-01,5.782443e+00,-3.252624e-01,1.877903e-01
0.270000,0.146667,2,1.412687,3.044511e-01,1.971287e+00,-3.252624e-01,1.877903e-01
0.270000,0.243333,2,1.412687,2.363646e-01,1.188173e+00,-3.252624e-01,1.877903e-01
0.270000,0.340000,2,1.412687,1.999603e-01,8.503593e-01,-3.252624e-01,1.877903e-01
0.270000,0.436667,2,1.412687,1.764446e-01,6.621118e-01,-3.252624e-01,1.877903e-01
0.270000,0.533333,2,1.412687,1.596555e-01,5.421040e-01,-3.252624e-01,1.877903e-01
0.270000,0.630000,2,1.412687,1.468970e-01,4.589241e-01,-3.252624e-01,1.877903e-01
0.270000,0.726667,2,1.412687,1.367778e-01,3.978745e-01,-3.252624e-01,1.877903e-01
0.270000,0.823333,2,1.412687,1.284977e-01,3.511605e-01,-3.252624e-01,1.877903e-01
0.270000,0.920000,2,1.412687,1.215596e-01,3.142632e-01,-3.252624e-01,1.877903e-01
0.270000,1.016667,2,1.412687,1.156362e-01,2.843825e-01,-3.252624e-01,1.877903e-01
0.270000,1.113333,2,1.412687,1.105021e-01,2.596906e-01,-3.252624e-01,1.877903e-01
0.270000,1.210000,2,1.412687,1.059963e-01,2.389439e-01,-3.252624e-01,1.877903e-01
0.270000,1.306667,2,1.412687,1.020002e-01,2.212670e-01,-3.252624e-01,1.877903e-01
0.270000,1.403333,2,1.412687,9.842442e-02,2.060253e-01,-3.252624e-01,1.877903e-01
0.270000,1.500000,2,1.412687,9.520015e-02,1.927481e-01,-3.252624e-01,1.877903e-01
0.280000,0.050000,0,1.107246,5.514799e-02,1.293200e+00,-7.274248e-02,4.199790e-02
0.280000,0.146667,0,1.107246,3.219949e-02,4.408635e-01,-7.274248e-02,4.199790e-02
0.280000,0.243333,0,1.107246,2.499850e-02,2.657260e-01,-7.274248e-02,4.199790e-02
0.280000,0.340000,0,1.107246,2.114829e-02,1.901764e-01,-7.274248e-02,4.199790e-02
0.280000,0.436667,0,1.107246,1.866120e-02,1.480763e-01,-7.274248e-02,4.199790e-02
0.280000,0.533333,0,1.107246,1.688555e-02,1.212375e-01,-7.274248e-02,4.199790e-02
0.280000,0.630000,0,1.107246,1.553619e-02,1.026349e-01,-7.274248e-02,4.199790e-02
0.280000,0.726667,0,1.107246,1.446595e-02,8.898163e-02,-7.274248e-02,4.199790e-02
0.280000,0.823333,0,1.107246,1.359023e-02,7.853439e-02,-7.274248e-02,4.199790e-02
0.280000,0.920000,0,1.107246,1.285644e-02,7.028259e-02,-7.274248e-02,4.199790e-02
0.280000,1.016667,0,1.107246,1.222997e-02,6.359998e-02,-7.274248e-02,4.199790e-02
0.280000,1.113333,0,1.107246,1.168697e-02,5.807783e-02,-7.274248e-02,4.199790e-02
0.280000,1.210000,0,1.107246,1.121042e-02,5.343800e-02,-7.274248e-02,4.199790e-02
0.280000,1.306667,0,1.107246,1.078778e-02,4.948468e-02,-7.274248e-02,4.199790e-02
0.280000,1.403333,0,1.107246,1.040961e-02,4.607600e-02,-7.274248e-02,4.199790e-02
0.280000,1.500000,0,1.107246,1.006860e-02,4.310665e-02,-7.274248e-02,4.199790e-02
0.280000,0.050000,1,1.337482,4.194101e+00,2.321339e+01,-1.305753e+00,7.538766e-01
0.280000,0.146667,1,1.337482,2.448828e+00,7.913654e+00,-1.305753e+00,7.538766e-01
0.280000,0.243333,1,1.337482,1.901179e+00,4.769874e+00,-1.305753e+00,7.538766e-01
0.280000,0.340000,1,1.337482,1.608364e+00,3.413733e+00,-1.305753e+00,7.538766e-01
0.280000,0.436667,1,1.337482,1.419217e+00,2.658021e+00,-1.305753e+00,7.538766e-01
0.280000,0.533333,1,1.337482,1.284176e+00,2.176255e+00,-1.305753e+00,7.538766e-01
0.280000,0.630000,1,1.337482,1.181554e+00,1.842332e+00,-1.305753e+00,7.538766e-01
0.280000,0.726667,1,1.337482,1.100161e+00,1.597251e+00,-1.305753e+00,7.538766e-01
0.280000,0.823333,1,1.337482,1.033561e+00,1.409720e+00,-1.305753e+00,7.538766e-01
0.280000,0.920000,1,1.337482,9.777549e-01,1.261597e+00,-1.305753e+00,7.538766e-01
0.280000,1.016667,1,1.337482,9.301107e-01,1.141642e+00,-1.305753e+00,7.538766e-01
0.280000,1.113333,1,1.337482,8.888149e-01,1.042517e+00,-1.305753e+00,7.538766e-01
0.280000,1.210000,1,1.337482,8.525723e-01,9.592308e-01,-1.305753e+00,7.538766e-01
0.280000,1.306667,1,1.337482,8.204300e-01,8.882673e-01,-1.305753e+00,7.538766e-01
0.280000,1.403333,1,1.337482,7.916687e-01,8.270803e-01,-1.305753e+00,7.538766e-01
0.280000,1.500000,1,1.337482,7.657346e-01,7.737795e-01,-1.305753e+00,7.538766e-01
0.280000,0.050000,2,1.419281,5.122810e-01,5.714584e+00,-3.214454e-01,1.855866e-01
0.280000,0.146667,2,1.419281,2.991076e-01,1.948154e+00,-3.214454e-01,1.855866e-01
0.280000,0.243333,2,1.419281,2.322161e-01,1.174230e+00,-3.214454e-01,1.855866e-01
0.280000,0.340000,2,1.419281,1.964508e-01,8.403800e-01,-3.214454e-01,1.855866e-01
0.280000,0.436667,2,1.419281,1.733477e-01,6.543417e-01,-3.214454e-01,1.855866e-01
0.280000,0.533333,2,1.419281,1.568534e-01,5.357423e-01,-3.214454e-01,1.855866e-01
0.280000,0.630000,2,1.419281,1.443188e-01,4.535384e-01,-3.214454e-01,1.855866e-01
0.280000,0.726667,2,1.419281,1.343772e-01,3.932053e-01,-3.214454e-01,1.855866e-01
0.280000,0.823333,2,1.419281,1.262424e-01,3.470395e-01,-3.214454e-01,1.855866e-01
0.280000,0.920000,2,1.419281,1.194261e-01,3.105752e-01,-3.214454e-01,1.855866e-01
0.280000,1.016667,2,1.419281,1.136067e-01,2.810451e-01,-3.214454e-01,1.855866e-01
0.280000,1.113333,2,1.419281,1.085627e-01,2.566430e-01,-3.214454e-01,1.855866e-01
0.280000,1.210000,2,1.419281,1.041359e-01,2.361398e-01,-3.214454e-01,1.855866e-01
0.280000,1.306667,2,1.419281,1.002099e-01,2.186703e-01,-3.214454e-01,1.855866e-01
0.280000,1.403333,2,1.419281,9.669696e-02,2.036075e-01,-3.214454e-01,1.855866e-01
0.280000,1.500000,2,1.419281,9.352928e-02,1.904861e-01,-3.214454e-01,1.855866e-01
0.290000,0.050000,0,1.108657,5.611746e-02,1.308311e+00,-7.359251e-02,4.248867e-02
0.290000,0.146667,0,1.108657,3.276554e-02,4.460152e-01,-7.359251e-02,4.248867e-02
0.290000,0.243333,0,1.108657,2.543796e-02,2.688311e-01,-7.359251e-02,4.248867e-02
0.290000,0.340000,0,1.108657,2.152006e-02,1.923987e-01,-7.359251e-02,4.248867e-02
0.290000,0.436667,0,1.108657,1.898926e-02,1.498066e-01,-7.359251e-02,4.248867e-02
0.290000,0.533333,0,1.108657,1.718239e-02,1.226542e-01,-7.359251e-02,4.248867e-02
0.290000,0.630000,0,1.108657,1.580930e-02,1.038342e-01,-7.359251e-02,4.248867e-02
0.290000,0.726667,0,1.108657,1.472026e-02,9.002142e-02,-7.359251e-02,4.248867e-02
0.290000,0.823333,0,1.108657,1.382914e-02,7.945210e-02,-7.359251e-02,4.248867e-02
0.290000,0.920000,0,1.108657,1.308245e-02,7.110388e-02,-7.359251e-02,4.248867e-02
0.290000,1.016667,0,1.108657,1.244497e-02,6.434318e-02,-7.359251e-02,4.248867e-02
0.290000,1.113333,0,1.108657,1.189242e-02,5.875650e-02,-7.359251e-02,4.248867e-02
0.290000,1.210000,0,1.108657,1.140750e-02,5.406245e-02,-7.359251e-02,4.248867e-02
0.290000,1.306667,0,1.108657,1.097743e-02,5.006293e-02,-7.359251e-02,4.248867e-02
0.290000,1.403333,0,1.108657,1.059260e-02,4.661442e-02,-7.359251e-02,4.248867e-02
0.290000,1.500000,0,1.108657,1.024560e-02,4.361038e-02,-7.359251e-02,4.248867e-02
0.290000,0.050000,1,1.340690,4.455272e+00,2.416734e+01,-1.359413e+00,7.848566e-01
0.290000,0.146667,1,1.340690,2.601318e+00,8.238866e+00,-1.359413e+00,7.848566e-01
0.290000,0.243333,1,1.340690,2.019568e+00,4.965892e+00,-1.359413e+00,7.848566e-01
0.290000,0.340000,1,1.340690,1.708519e+00,3.554020e+00,-1.359413e+00,7.848566e-01
0.290000,0.436667,1,1.340690,1.507593e+00,2.767253e+00,-1.359413e+00,7.848566e-01
0.290000,0.533333,1,1.340690,1.364143e+00,2.265688e+00,-1.359413e+00,7.848566e-01
0.290000,0.630000,1,1.340690,1.255131e+00,1.918043e+00,-1.359413e+00,7.848566e-01
0.290000,0.726667,1,1.340690,1.168669e+00,1.662890e+00,-1.359413e+00,7.848566e-01
0.290000,0.823333,1,1.340690,1.097922e+00,1.467652e+00,-1.359413e+00,7.848566e-01
0.290000,0.920000,1,1.340690,1.038641e+00,1.313442e+00,-1.359413e+00,7.848566e-01
0.290000,1.016667,1,1.340690,9.880295e-01,1.188558e+00,-1.359413e+00,7.848566e-01
0.290000,1.113333,1,1.340690,9.441621e-01,1.085360e+00,-1.359413e+00,7.848566e-01
0.290000,1.210000,1,1.340690,9.056628e-01,9.986504e-01,-1.359413e+00,7.848566e-01
0.290000,1.306667,1,1.340690,8.715189e-01,9.247706e-01,-1.359413e+00,7.848566e-01
0.290000,1.403333,1,1.340690,8.409666e-01,8.610691e-01,-1.359413e+00,7.848566e-01
0.290000,1.500000,1,1.340690,8.134176e-01,8.055780e-01,-1.359413e+00,7.848566e-01
0.290000,0.050000,2,1.425857,5.038230e-01,5.651510e+00,-3.178975e-01,1.835381e-01
0.290000,0.146667,2,1.425857,2.941693e-01,1.926651e+00,-3.178975e-01,1.835381e-01
0.290000,0.243333,2,1.425857,2.283822e-01,1.161269e+00,-3.178975e-01,1.835381e-01
0.290000,0.340000,2,1.425857,1.932073e-01,8.311045e-01,-3.178975e-01,1.835381e-01
0.290000,0.436667,2,1.425857,1.704857e-01,6.471195e-01,-3.178975e-01,1.835381e-01
0.290000,0.533333,2,1.425857,1.542637e-01,5.298291e-01,-3.178975e-01,1.835381e-01
0.290000,0.630000,2,1.425857,1.419361e-01,4.485326e-01,-3.178975e-01,1.835381e-01
0.290000,0.726667,2,1.425857,1.321586e-01,3.888654e-01,-3.178975e-01,1.835381e-01
0.290000,0.823333,2,1.425857,1.241581e-01,3.432091e-01,-3.178975e-01,1.835381e-01
0.290000,0.920000,2,1.425857,1.174543e-01,3.071473e-01,-3.178975e-01,1.835381e-01
0.290000,1.016667,2,1.425857,1.117310e-01,2.779431e-01,-3.178975e-01,1.835381e-01
0.290000,1.113333,2,1.425857,1.067703e-01,2.538103e-01,-3.178975e-01,1.835381e-01
0.290000,1.210000,2,1.425857,1.024166e-01,2.335335e-01,-3.178975e-01,1.835381e-01
0.290000,1.306667,2,1.425857,9.855544e-02,2.162568e-01,-3.178975e-01,1.835381e-01
0.290000,1.403333,2,1.425857,9.510045e-02,2.013602e-01,-3.178975e-01,1.835381e-01
0.290000,1.500000,2,1.425857,9.198508e-02,1.883837e-01,-3.178975e-01,1.835381e-01
0.300000,0.050000,0,1.110009,5.708453e-02,1.323299e+00,-7.443559e-02,4.297541e-02
0.300000,0.146667,0,1.110009,3.333019e-02,4.511248e-01,-7.443559e-02,4.297541e-02
0.300000,0.243333,0,1.110009,2.587633e-02,2.719108e-01,-7.443559e-02,4.297541e-02
0.300000,0.340000,0,1.110009,2.189092e-02,1.946028e-01,-7.443559e-02,4.297541e-02
0.300000,0.436667,0,1.110009,1.931650e-02,1.515228e-01,-7.443559e-02,4.297541e-02
0.300000,0.533333,0,1.110009,1.747850e-02,1.240593e-01,-7.443559e-02,4.297541e-02
0.300000,0.630000,0,1.110009,1.608175e-02,1.050238e-01,-7.443559e-02,4.297541e-02
0.300000,0.726667,0,1.110009,1.497393e-02,9.105270e-02,-7.443559e-02,4.297541e-02
0.300000,0.823333,0,1.110009,1.406746e-02,8.036231e-02,-7.443559e-02,4.297541e-02
0.300000,0.920000,0,1.110009,1.330790e-02,7.191844e-02,-7.443559e-02,4.297541e-02
0.300000,1.016667,0,1.110009,1.265943e-02,6.508029e-02,-7.443559e-02,4.297541e-02
0.300000,1.113333,0,1.110009,1.209737e-02,5.942961e-02,-7.443559e-02,4.297541e-02
0.300000,1.210000,0,1.110009,1.160408e-02,5.468179e-02,-7.443559e-02,4.297541e-02
0.300000,1.306667,0,1.110009,1.116660e-02,5.063645e-02,-7.443559e-02,4.297541e-02
0.300000,1.403333,0,1.110009,1.077514e-02,4.714843e-02,-7.443559e-02,4.297541e-02
0.300000,1.500000,0,1.110009,1.042216e-02,4.410998e-02,-7.443559e-02,4.297541e-02
0.300000,0.050000,1,1.343919,4.728491e+00,2.514554e+01,-1.414436e+00,8.166251e-01
0.300000,0.146667,1,1.343919,2.760844e+00,8.572341e+00,-1.414436e+00,8.166251e-01
0.300000,0.243333,1,1.343919,2.143417e+00,5.166891e+00,-1.414436e+00,8.166251e-01
0.300000,0.340000,1,1.343919,1.813293e+00,3.697873e+00,-1.414436e+00,8.166251e-01
0.300000,0.436667,1,1.343919,1.600046e+00,2.879260e+00,-1.414436e+00,8.166251e-01
0.300000,0.533333,1,1.343919,1.447799e+00,2.357394e+00,-1.414436e+00,8.166251e-01
0.300000,0.630000,1,1.343919,1.332101e+00,1.995677e+00,-1.414436e+00,8.166251e-01
0.300000,0.726667,1,1.343919,1.240338e+00,1.730197e+00,-1.414436e+00,8.166251e-01
0.300000,0.823333,1,1.343919,1.165252e+00,1.527057e+00,-1.414436e+00,8.166251e-01
0.300000,0.920000,1,1.343919,1.102335e+00,1.366605e+00,-1.414436e+00,8.166251e-01
0.300000,1.016667,1,1.343919,1.048620e+00,1.236666e+00,-1.414436e+00,8.166251e-01
0.300000,1.113333,1,1.343919,1.002063e+00,1.129290e+00,-1.414436e+00,8.166251e-01
0.300000,1.210000,1,1.343919,9.612024e-01,1.039072e+00,-1.414436e+00,8.166251e-01
0.300000,1.306667,1,1.343919,9.249647e-01,9.622016e-01,-1.414436e+00,8.166251e-01
0.300000,1.403333,1,1.343919,8.925388e-01,8.959217e-01,-1.414436e+00,8.166251e-01
0.300000,1.500000,1,1.343919,8.633003e-01,8.381845e-01,-1.414436e+00,8.166251e-01
0.300000,0.050000,2,1.432417,4.959910e-01,5.592788e+00,-3.145943e-01,1.816311e-01
0.300000,0.146667,2,1.432417,2.895963e-01,1.906632e+00,-3.145943e-01,1.816311e-01
0.300000,0.243333,2,1.432417,2.248319e-01,1.149203e+00,-3.145943e-01,1.816311e-01
0.300000,0.340000,2,1.432417,1.902039e-01,8.224688e-01,-3.145943e-01,1.816311e-01
0.300000,0.436667,2,1.432417,1.678355e-01,6.403956e-01,-3.145943e-01,1.816311e-01
0.300000,0.533333,2,1.432417,1.518656e-01,5.243239e-01,-3.145943e-01,1.816311e-01
0.300000,0.630000,2,1.432417,1.397296e-01,4.438721e-01,-3.145943e-01,1.816311e-01
0.300000,0.726667,2,1.432417,1.301042e-01,3.848249e-01,-3.145943e-01,1.816311e-01
0.300000,0.823333,2,1.432417,1.222281e-01,3.396430e-01,-3.145943e-01,1.816311e-01
0.300000,0.920000,2,1.432417,1.156285e-01,3.039559e-01,-3.145943e-01,1.816311e-01
0.300000,1.016667,2,1.432417,1.099941e-01,2.750552e-01,-3.145943e-01,1.816311e-01
0.300000,1.113333,2,1.432417,1.051105e-01,2.511731e-01,-3.145943e-01,1.816311e-01
0.300000,1.210000,2,1.432417,1.008245e-01,2.311069e-01,-3.145943e-01,1.816311e-01
0.300000,1.306667,2,1.432417,9.702337e-02,2.140098e-01,-3.145943e-01,1.816311e-01
0.300000,1.403333,2,1.432417,9.362209e-02,1.992680e-01,-3.145943e-01,1.816311e-01
0.300000,1.500000,2,1.432417,9.055515e-02,1.864263e-01,-3.145943e-01,1.816311e-01
